2026-05-18 15:00:54.378 [TestNG-PoolService-1] INFO  listeners.CucumberListener - ▶ SCENARIO STARTED: [Search web development courses for beginners in English and save to Excel] in [file:///C:/Users/2485858/Downloads/Coursera_Hackathon_Project%20(1)/CourseraAutomation/src/test/resources/features/CourseSearch.feature]
2026-05-18 15:00:54.391 [TestNG-PoolService-2] INFO  listeners.CucumberListener - ▶ SCENARIO STARTED: [Verify email validation error on business contact form] in [file:///C:/Users/2485858/Downloads/Coursera_Hackathon_Project%20(1)/CourseraAutomation/src/test/resources/features/EnterpriseForm.feature]
2026-05-18 15:00:54.396 [TestNG-PoolService-3] INFO  listeners.CucumberListener - ▶ SCENARIO STARTED: [Extract all languages and levels from Language Learning category] in [file:///C:/Users/2485858/Downloads/Coursera_Hackathon_Project%20(1)/CourseraAutomation/src/test/resources/features/LanguageLearning.feature]
2026-05-18 15:00:54.400 [TestNG-PoolService-2] INFO  hooks.CucumberHooks - ====== SCENARIO STARTED: Verify email validation error on business contact form ======
2026-05-18 15:00:54.400 [TestNG-PoolService-1] INFO  hooks.CucumberHooks - ====== SCENARIO STARTED: Search web development courses for beginners in English and save to Excel ======
2026-05-18 15:00:54.400 [TestNG-PoolService-3] INFO  hooks.CucumberHooks - ====== SCENARIO STARTED: Extract all languages and levels from Language Learning category ======
2026-05-18 15:00:54.400 [TestNG-PoolService-1] INFO  hooks.CucumberHooks - Tags: [@CourseSearch, @Smoke, @CourseSearch]
2026-05-18 15:00:54.400 [TestNG-PoolService-2] INFO  hooks.CucumberHooks - Tags: [@EnterpriseForm, @Smoke, @EnterpriseForm]
2026-05-18 15:00:54.400 [TestNG-PoolService-3] INFO  hooks.CucumberHooks - Tags: [@LanguageLearning, @Smoke, @LanguageLearning]
2026-05-18 15:00:54.459 [TestNG-PoolService-1] INFO  utils.ConfigReader - config.properties loaded successfully
2026-05-18 15:00:54.460 [TestNG-PoolService-1] INFO  base.BaseClass - Launching browser: chrome
2026-05-18 15:00:54.460 [TestNG-PoolService-3] INFO  base.BaseClass - Launching browser: chrome
2026-05-18 15:00:54.460 [TestNG-PoolService-2] INFO  base.BaseClass - Launching browser: chrome
2026-05-18 15:00:58.245 [TestNG-PoolService-1] INFO  base.BaseClass - Chrome browser launched
2026-05-18 15:00:58.247 [TestNG-PoolService-3] INFO  base.BaseClass - Chrome browser launched
2026-05-18 15:00:58.284 [TestNG-PoolService-3] INFO  base.BaseClass - WebDriver created and stored in ThreadLocal
2026-05-18 15:00:58.286 [TestNG-PoolService-1] INFO  base.BaseClass - WebDriver created and stored in ThreadLocal
2026-05-18 15:00:58.350 [TestNG-PoolService-2] INFO  base.BaseClass - Chrome browser launched
2026-05-18 15:00:58.357 [TestNG-PoolService-3] INFO  utils.ExtentReportManager - ExtentReports initialised at: reports/extent/ExtentReport.html
2026-05-18 15:00:58.359 [TestNG-PoolService-2] INFO  base.BaseClass - WebDriver created and stored in ThreadLocal
2026-05-18 15:00:58.365 [TestNG-PoolService-2] INFO  hooks.CucumberHooks - Browser launched successfully
2026-05-18 15:00:58.365 [TestNG-PoolService-1] INFO  hooks.CucumberHooks - Browser launched successfully
2026-05-18 15:00:58.365 [TestNG-PoolService-3] INFO  hooks.CucumberHooks - Browser launched successfully
2026-05-18 15:00:58.444 [TestNG-PoolService-3] INFO  stepdefinitions.LanguageLearningSteps - STEP: Navigating to Language Learning category
2026-05-18 15:00:58.444 [TestNG-PoolService-2] INFO  stepdefinitions.EnterpriseFormSteps - STEP: Navigating to Coursera For Business page
2026-05-18 15:00:58.564 [TestNG-PoolService-1] INFO  stepdefinitions.CourseSearchSteps - STEP: Opening Coursera home page
2026-05-18 15:00:58.564 [TestNG-PoolService-1] INFO  pages.HomePage - Navigating to: https://www.coursera.org
2026-05-18 15:01:22.469 [TestNG-PoolService-1] INFO  stepdefinitions.CourseSearchSteps - Home page opened successfully
2026-05-18 15:01:22.511 [TestNG-PoolService-1] INFO  listeners.CucumberListener -    ✓ STEP PASSED: the user is on the Coursera home page
2026-05-18 15:01:22.515 [TestNG-PoolService-1] INFO  stepdefinitions.CourseSearchSteps - STEP: Searching for: web development courses for beginners
2026-05-18 15:01:22.515 [TestNG-PoolService-1] INFO  pages.HomePage - Searching for: web development courses for beginners
2026-05-18 15:01:24.062 [TestNG-PoolService-3] INFO  listeners.CucumberListener -    ✓ STEP PASSED: the user navigates to the Language Learning category
2026-05-18 15:01:24.063 [TestNG-PoolService-3] INFO  stepdefinitions.LanguageLearningSteps - STEP: Opening Language filter dropdown
2026-05-18 15:01:24.064 [TestNG-PoolService-3] INFO  pages.LanguageCoursesPage - Extracting all language filter options
2026-05-18 15:01:25.096 [TestNG-PoolService-3] INFO  utils.JavaScriptUtil - JavaScript click performed on element
2026-05-18 15:01:25.096 [TestNG-PoolService-3] INFO  pages.LanguageCoursesPage - Clicked 'Language' section
2026-05-18 15:01:39.715 [TestNG-PoolService-2] INFO  listeners.CucumberListener -    ✓ STEP PASSED: the user navigates to the Coursera For Business page
2026-05-18 15:01:39.717 [TestNG-PoolService-2] INFO  stepdefinitions.EnterpriseFormSteps - STEP: Clicking Contact Sales / scrolling to form
2026-05-18 15:01:39.718 [TestNG-PoolService-2] INFO  pages.CampusPage - Navigating to form
2026-05-18 15:01:51.292 [TestNG-PoolService-3] INFO  pages.LanguageCoursesPage - Total languages: 62
2026-05-18 15:01:51.294 [TestNG-PoolService-3] INFO  listeners.CucumberListener -    ✓ STEP PASSED: the user opens the language filter dropdown
2026-05-18 15:01:51.297 [TestNG-PoolService-3] INFO  stepdefinitions.LanguageLearningSteps - STEP: Verifying languages were captured
2026-05-18 15:01:51.304 [TestNG-PoolService-3] INFO  stepdefinitions.LanguageLearningSteps - 
===== LANGUAGES EXTRACTED =====
  English                   → 9690 courses
  Spanish                   → 4330 courses
  Kazakh                    → 4293 courses
  French                    → 4229 courses
  Arabic                    → 4133 courses
  German                    → 4113 courses
  Portuguese                → 3005 courses
  Indonesian                → 2958 courses
  Chinese                   → 2797 courses
  Hungarian                 → 2684 courses
  Russian                   → 2660 courses
  Japanese                  → 2656 courses
  Korean                    → 2639 courses
  Hindi                     → 2564 courses
  Italian                   → 2555 courses
  Turkish                   → 2509 courses
  Thai                      → 2474 courses
  Ukrainian                 → 2455 courses
  Dutch                     → 2443 courses
  Greek                     → 2441 courses
  Polish                    → 2441 courses
  Swedish                   → 2422 courses
  Uzbek                     → 1925 courses
  Pushto                    → 1806 courses
  Vietnamese                → 1806 courses
  Azerbaijani               → 1593 courses
  Urdu                      → 1351 courses
  Bengali                   → 1343 courses
  Oriya                     → 233 courses
  Malay                     → 189 courses
  Haitian (Haitian Creole)  → 90 courses
  Persian                   → 62 courses
  Khmer                     → 37 courses
  Romanian                  → 31 courses
  Hebrew                    → 29 courses
  Serbian                   → 23 courses
  Afrikaans                 → 19 courses
  Javanese                  → 17 courses
  Finnish                   → 16 courses
  Tamil                     → 15 courses
  Catalan                   → 13 courses
  Slovak                    → 10 courses
  Czech                     → 9 courses
  Estonian                  → 9 courses
  Mongolian                 → 8 courses
  Albanian                  → 5 courses
  Georgian                  → 5 courses
  Telugu                    → 5 courses
  Croatian                  → 4 courses
  Bulgarian                 → 3 courses
  Lithuanian                → 3 courses
  Burmese                   → 2 courses
  Latvian                   → 2 courses
  Marathi                   → 2 courses
  Nepali                    → 2 courses
  Danish                    → 1 courses
  Kinyarwanda               → 1 courses
  Macedonian                → 1 courses
  Malayalam                 → 1 courses
  Slovenian                 → 1 courses
  Swahili                   → 1 courses
  Tagalog                   → 1 courses
================================
2026-05-18 15:01:51.307 [TestNG-PoolService-3] INFO  listeners.CucumberListener -    ✓ STEP PASSED: all available languages with their counts should be captured and displayed
2026-05-18 15:01:51.308 [TestNG-PoolService-3] INFO  stepdefinitions.LanguageLearningSteps - STEP: Opening Level filter dropdown
2026-05-18 15:01:51.309 [TestNG-PoolService-3] INFO  pages.LanguageCoursesPage - Extracting all level filter options
2026-05-18 15:02:00.113 [TestNG-PoolService-2] INFO  utils.JavaScriptUtil - Scrolled by 600 pixels
2026-05-18 15:02:00.151 [TestNG-PoolService-2] INFO  pages.CampusPage - Marketo form found
2026-05-18 15:02:00.151 [TestNG-PoolService-2] INFO  listeners.CucumberListener -    ✓ STEP PASSED: the user clicks on Contact Sales
2026-05-18 15:02:00.162 [TestNG-PoolService-2] INFO  stepdefinitions.EnterpriseFormSteps - STEP: Filling contact form with DataTable values
2026-05-18 15:02:00.164 [TestNG-PoolService-2] INFO  stepdefinitions.EnterpriseFormSteps - Form data: {firstName=Srijita, lastName=Baksi, email=srijitacogniznat.com, phone=9775985472}
2026-05-18 15:02:00.165 [TestNG-PoolService-2] INFO  pages.CampusPage - Filling form with invalid email: srijitacogniznat.com
2026-05-18 15:02:01.537 [TestNG-PoolService-2] INFO  pages.CampusPage - Entered First Name: Srijita
2026-05-18 15:02:02.020 [TestNG-PoolService-2] INFO  pages.CampusPage - Entered Last Name: Baksi
2026-05-18 15:02:02.377 [TestNG-PoolService-2] INFO  pages.CampusPage - Entered Phone: 9775985472
2026-05-18 15:02:03.014 [TestNG-PoolService-2] INFO  pages.CampusPage - Entered invalid email: srijitacogniznat.com
2026-05-18 15:02:13.237 [TestNG-PoolService-2] INFO  pages.CampusPage - Form filled successfully
2026-05-18 15:02:13.501 [TestNG-PoolService-2] INFO  utils.ScreenshotUtil - Screenshot saved: C:\Users\2485858\Downloads\Coursera_Hackathon_Project (1)\CourseraAutomation\screenshots\FormFilledWithInvalidEmail_2026-05-18_15-02-13.png
2026-05-18 15:02:13.512 [TestNG-PoolService-2] INFO  listeners.CucumberListener -    ✓ STEP PASSED: the user fills the contact form with the following details:
2026-05-18 15:02:13.515 [TestNG-PoolService-2] INFO  stepdefinitions.EnterpriseFormSteps - STEP: Checking for email validation error message
2026-05-18 15:02:13.675 [TestNG-PoolService-2] INFO  pages.CampusPage - Submit clicked
2026-05-18 15:02:15.521 [TestNG-PoolService-1] INFO  pages.HomePage - Search submitted. URL: https://www.coursera.org/search?query=web%20development%20courses%20for%20beginners
2026-05-18 15:02:15.522 [TestNG-PoolService-1] INFO  listeners.CucumberListener -    ✓ STEP PASSED: the user searches for "web development courses for beginners"
2026-05-18 15:02:15.522 [TestNG-PoolService-1] INFO  stepdefinitions.CourseSearchSteps - STEP: Verifying search results page
2026-05-18 15:02:15.540 [TestNG-PoolService-1] INFO  stepdefinitions.CourseSearchSteps - Search results page verified. URL: https://www.coursera.org/search?query=web%20development%20courses%20for%20beginners
2026-05-18 15:02:15.542 [TestNG-PoolService-1] INFO  listeners.CucumberListener -    ✓ STEP PASSED: the search results page should be displayed
2026-05-18 15:02:15.544 [TestNG-PoolService-1] INFO  stepdefinitions.CourseSearchSteps - STEP: Applying language filter: English
2026-05-18 15:02:15.544 [TestNG-PoolService-1] INFO  pages.SearchResultsPage - Applying language filter: English
2026-05-18 15:02:15.681 [TestNG-PoolService-2] INFO  pages.CampusPage - Capturing email error message
2026-05-18 15:02:15.794 [TestNG-PoolService-2] INFO  pages.CampusPage - Error: Must be valid email.
example@yourdomain.com
2026-05-18 15:02:15.794 [TestNG-PoolService-2] INFO  stepdefinitions.EnterpriseFormSteps - Captured error message: Must be valid email.
example@yourdomain.com
2026-05-18 15:02:16.005 [TestNG-PoolService-2] INFO  utils.ScreenshotUtil - Screenshot saved: C:\Users\2485858\Downloads\Coursera_Hackathon_Project (1)\CourseraAutomation\screenshots\EmailValidationError_2026-05-18_15-02-15.png
2026-05-18 15:02:16.013 [TestNG-PoolService-2] INFO  listeners.CucumberListener -    ✓ STEP PASSED: an email validation error message should be displayed
2026-05-18 15:02:16.022 [TestNG-PoolService-2] INFO  stepdefinitions.EnterpriseFormSteps - STEP: Asserting error message contains: valid email
2026-05-18 15:02:16.024 [TestNG-PoolService-2] INFO  stepdefinitions.EnterpriseFormSteps - Assertion PASSED (exact match): Must be valid email.
example@yourdomain.com
2026-05-18 15:02:16.025 [TestNG-PoolService-2] INFO  listeners.CucumberListener -    ✓ STEP PASSED: the error message should contain "valid email"
2026-05-18 15:02:16.035 [TestNG-PoolService-2] INFO  hooks.CucumberHooks - ====== SCENARIO FINISHED: Verify email validation error on business contact form | Status: PASSED ======
2026-05-18 15:02:16.035 [TestNG-PoolService-2] INFO  base.BaseClass - Quitting browser and removing from ThreadLocal
2026-05-18 15:02:24.142 [TestNG-PoolService-3] INFO  utils.JavaScriptUtil - JavaScript click performed on element
2026-05-18 15:02:24.142 [TestNG-PoolService-3] INFO  pages.LanguageCoursesPage - Clicked 'Level' section
2026-05-18 15:02:25.052 [TestNG-PoolService-2] INFO  hooks.CucumberHooks - Browser closed. Scenario teardown complete.
2026-05-18 15:02:25.212 [TestNG-PoolService-2] INFO  listeners.CucumberListener - ■ SCENARIO PASSED: [Verify email validation error on business contact form] in 90.83s
2026-05-18 15:02:35.913 [TestNG-PoolService-3] INFO  pages.LanguageCoursesPage - Level: Beginner → 4704
2026-05-18 15:02:35.913 [TestNG-PoolService-3] INFO  pages.LanguageCoursesPage - Level: Intermediate → 4248
2026-05-18 15:02:35.913 [TestNG-PoolService-3] INFO  pages.LanguageCoursesPage - Level: Advanced → 449
2026-05-18 15:02:35.913 [TestNG-PoolService-3] INFO  pages.LanguageCoursesPage - Level: Mixed → 935
2026-05-18 15:02:35.913 [TestNG-PoolService-3] INFO  pages.LanguageCoursesPage - Total levels: 4
2026-05-18 15:02:35.929 [TestNG-PoolService-3] INFO  listeners.CucumberListener -    ✓ STEP PASSED: the user opens the level filter dropdown
2026-05-18 15:02:35.929 [TestNG-PoolService-3] INFO  stepdefinitions.LanguageLearningSteps - STEP: Verifying levels were captured
2026-05-18 15:02:35.929 [TestNG-PoolService-3] INFO  stepdefinitions.LanguageLearningSteps - 
===== LEVELS EXTRACTED =====
  Beginner                  → 4704 courses
  Intermediate              → 4248 courses
  Advanced                  → 449 courses
  Mixed                     → 935 courses
============================
2026-05-18 15:02:35.933 [TestNG-PoolService-3] INFO  listeners.CucumberListener -    ✓ STEP PASSED: all available levels with their counts should be captured and displayed
2026-05-18 15:02:35.938 [TestNG-PoolService-3] INFO  stepdefinitions.LanguageLearningSteps - STEP: Asserting language count >= 5
2026-05-18 15:02:35.945 [TestNG-PoolService-3] INFO  stepdefinitions.LanguageLearningSteps - Language count: 62 >= 5
2026-05-18 15:02:35.948 [TestNG-PoolService-3] INFO  listeners.CucumberListener -    ✓ STEP PASSED: the language list should contain at least 5 languages
2026-05-18 15:02:35.950 [TestNG-PoolService-3] INFO  stepdefinitions.LanguageLearningSteps - STEP: Asserting level count >= 2
2026-05-18 15:02:35.950 [TestNG-PoolService-3] INFO  stepdefinitions.LanguageLearningSteps - Level count: 4 >= 2
2026-05-18 15:02:35.952 [TestNG-PoolService-3] INFO  listeners.CucumberListener -    ✓ STEP PASSED: the level list should contain at least 2 levels
2026-05-18 15:02:35.952 [TestNG-PoolService-3] INFO  hooks.CucumberHooks - ====== SCENARIO FINISHED: Extract all languages and levels from Language Learning category | Status: PASSED ======
2026-05-18 15:02:35.952 [TestNG-PoolService-3] INFO  base.BaseClass - Quitting browser and removing from ThreadLocal
2026-05-18 15:02:40.116 [TestNG-PoolService-3] INFO  hooks.CucumberHooks - Browser closed. Scenario teardown complete.
2026-05-18 15:02:40.122 [TestNG-PoolService-3] INFO  listeners.CucumberListener - ■ SCENARIO PASSED: [Extract all languages and levels from Language Learning category] in 105.87s
2026-05-18 15:02:41.211 [TestNG-PoolService-1] INFO  listeners.CucumberListener -    ✓ STEP PASSED: the user applies the language filter "English"
2026-05-18 15:02:41.225 [TestNG-PoolService-1] INFO  stepdefinitions.CourseSearchSteps - STEP: Applying level filter: Beginner
2026-05-18 15:02:41.226 [TestNG-PoolService-1] INFO  pages.SearchResultsPage - Applying level filter: Beginner
2026-05-18 15:03:06.285 [TestNG-PoolService-1] INFO  listeners.CucumberListener -    ✓ STEP PASSED: the user applies the level filter "Beginner"
2026-05-18 15:03:06.285 [TestNG-PoolService-1] INFO  stepdefinitions.CourseSearchSteps - STEP: Extracting 5 courses
2026-05-18 15:03:06.285 [TestNG-PoolService-1] INFO  pages.SearchResultsPage - Extracting top 5 courses
2026-05-18 15:03:26.366 [TestNG-PoolService-1] INFO  utils.JavaScriptUtil - Scrolled by 800 pixels
2026-05-18 15:03:27.384 [TestNG-PoolService-1] INFO  utils.JavaScriptUtil - Scrolled to top of page
2026-05-18 15:03:58.044 [TestNG-PoolService-1] INFO  pages.SearchResultsPage - Found 11 course cards
2026-05-18 15:03:58.180 [TestNG-PoolService-1] INFO  pages.SearchResultsPage - Extracted: 1. Web Development for Beginners | Rating: 4.7 | Hours: 3 - 6 Months
2026-05-18 15:03:58.246 [TestNG-PoolService-1] INFO  pages.SearchResultsPage - Extracted: 2. Front-End Web Development for Beginners | Rating: 4.6 | Hours: 1 - 3 Months
2026-05-18 15:03:58.310 [TestNG-PoolService-1] INFO  pages.SearchResultsPage - Extracted: 3. Introduction to Web Development with HTML, CSS, JavaScript | Rating: 4.6 | Hours: 1 - 3 Months
2026-05-18 15:03:58.387 [TestNG-PoolService-1] INFO  pages.SearchResultsPage - Extracted: 4. Introduction to HTML, CSS, & JavaScript | Rating: 4.4 | Hours: 1 - 4 Weeks
2026-05-18 15:03:58.494 [TestNG-PoolService-1] INFO  pages.SearchResultsPage - Extracted: 5. Introduction to Web Development | Rating: 4.7 | Hours: 1 - 4 Weeks
2026-05-18 15:03:58.494 [TestNG-PoolService-1] INFO  pages.SearchResultsPage - Total extracted: 5
2026-05-18 15:03:58.494 [TestNG-PoolService-1] INFO  stepdefinitions.CourseSearchSteps - Course: 1. Web Development for Beginners | Rating: 4.7 | Hours: 3 - 6 Months
2026-05-18 15:03:58.494 [TestNG-PoolService-1] INFO  stepdefinitions.CourseSearchSteps - Course: 2. Front-End Web Development for Beginners | Rating: 4.6 | Hours: 1 - 3 Months
2026-05-18 15:03:58.494 [TestNG-PoolService-1] INFO  stepdefinitions.CourseSearchSteps - Course: 3. Introduction to Web Development with HTML, CSS, JavaScript | Rating: 4.6 | Hours: 1 - 3 Months
2026-05-18 15:03:58.494 [TestNG-PoolService-1] INFO  stepdefinitions.CourseSearchSteps - Course: 4. Introduction to HTML, CSS, & JavaScript | Rating: 4.4 | Hours: 1 - 4 Weeks
2026-05-18 15:03:58.498 [TestNG-PoolService-1] INFO  stepdefinitions.CourseSearchSteps - Course: 5. Introduction to Web Development | Rating: 4.7 | Hours: 1 - 4 Weeks
2026-05-18 15:03:58.498 [TestNG-PoolService-1] INFO  stepdefinitions.CourseSearchSteps - Extraction complete. Got 5 courses.
2026-05-18 15:03:58.498 [TestNG-PoolService-1] INFO  listeners.CucumberListener -    ✓ STEP PASSED: the user extracts the first 5 courses with name, hours and rating
2026-05-18 15:03:58.500 [TestNG-PoolService-1] INFO  stepdefinitions.CourseSearchSteps - STEP: Saving course data to Excel
2026-05-18 15:03:58.500 [TestNG-PoolService-1] INFO  pages.SearchResultsPage - Saving 5 courses to Excel: src/test/resources/testdata/CourseData.xlsx
2026-05-18 15:03:58.535 [TestNG-PoolService-1] INFO  utils.ExcelDataWriter - Writing 5 courses to Excel: src/test/resources/testdata/CourseData.xlsx
2026-05-18 15:04:00.115 [TestNG-PoolService-1] INFO  utils.ExcelDataWriter - Excel file saved: src/test/resources/testdata/CourseData.xlsx
2026-05-18 15:04:00.128 [TestNG-PoolService-1] INFO  stepdefinitions.CourseSearchSteps - Excel saved successfully: src/test/resources/testdata/CourseData.xlsx
2026-05-18 15:04:00.128 [TestNG-PoolService-1] INFO  listeners.CucumberListener -    ✓ STEP PASSED: the course data is saved to an Excel file
2026-05-18 15:04:00.132 [TestNG-PoolService-1] INFO  stepdefinitions.CourseSearchSteps - STEP: Asserting first course name is not empty
2026-05-18 15:04:00.132 [TestNG-PoolService-1] INFO  stepdefinitions.CourseSearchSteps - First course name: Web Development for Beginners
2026-05-18 15:04:00.132 [TestNG-PoolService-1] INFO  listeners.CucumberListener -    ✓ STEP PASSED: the first course name should not be empty
2026-05-18 15:04:00.134 [TestNG-PoolService-1] INFO  hooks.CucumberHooks - ====== SCENARIO FINISHED: Search web development courses for beginners in English and save to Excel | Status: PASSED ======
2026-05-18 15:04:00.134 [TestNG-PoolService-1] INFO  base.BaseClass - Quitting browser and removing from ThreadLocal
2026-05-18 15:04:04.573 [TestNG-PoolService-1] INFO  hooks.CucumberHooks - Browser closed. Scenario teardown complete.
2026-05-18 15:04:04.581 [TestNG-PoolService-1] INFO  listeners.CucumberListener - ■ SCENARIO PASSED: [Search web development courses for beginners in English and save to Excel] in 190.33s
2026-05-18 15:04:05.275 [main] INFO  listeners.CucumberListener - ========================================
2026-05-18 15:04:05.275 [main] INFO  listeners.CucumberListener -   CUCUMBER TEST RUN FINISHED
2026-05-18 15:04:05.275 [main] INFO  listeners.CucumberListener - ========================================
2026-05-18 15:04:05.405 [main] INFO  utils.ExtentReportManager - Extent Reports flushed to disk
2026-05-18 15:04:05.405 [main] INFO  listeners.CucumberListener - Extent Reports flushed successfully
2026-05-18 17:28:35.782 [TestNG-PoolService-1] INFO  listeners.CucumberListener - ▶ SCENARIO STARTED: [Search web development courses for beginners in English and save to Excel] in [file:///C:/Users/2485858/Downloads/Coursera_Hackathon_Project%20(1)/CourseraAutomation/src/test/resources/features/CourseSearch.feature]
2026-05-18 17:28:35.797 [TestNG-PoolService-3] INFO  listeners.CucumberListener - ▶ SCENARIO STARTED: [Extract all languages and levels from Language Learning category] in [file:///C:/Users/2485858/Downloads/Coursera_Hackathon_Project%20(1)/CourseraAutomation/src/test/resources/features/LanguageLearning.feature]
2026-05-18 17:28:35.812 [TestNG-PoolService-2] INFO  listeners.CucumberListener - ▶ SCENARIO STARTED: [Verify email validation error on business contact form] in [file:///C:/Users/2485858/Downloads/Coursera_Hackathon_Project%20(1)/CourseraAutomation/src/test/resources/features/EnterpriseForm.feature]
2026-05-18 17:28:35.816 [TestNG-PoolService-2] INFO  hooks.CucumberHooks - ====== SCENARIO STARTED: Verify email validation error on business contact form ======
2026-05-18 17:28:35.816 [TestNG-PoolService-1] INFO  hooks.CucumberHooks - ====== SCENARIO STARTED: Search web development courses for beginners in English and save to Excel ======
2026-05-18 17:28:35.817 [TestNG-PoolService-1] INFO  hooks.CucumberHooks - Tags: [@CourseSearch, @Smoke, @CourseSearch]
2026-05-18 17:28:35.817 [TestNG-PoolService-2] INFO  hooks.CucumberHooks - Tags: [@EnterpriseForm, @Smoke, @EnterpriseForm]
2026-05-18 17:28:35.817 [TestNG-PoolService-3] INFO  hooks.CucumberHooks - ====== SCENARIO STARTED: Extract all languages and levels from Language Learning category ======
2026-05-18 17:28:35.817 [TestNG-PoolService-3] INFO  hooks.CucumberHooks - Tags: [@LanguageLearning, @Smoke, @LanguageLearning]
2026-05-18 17:28:35.854 [TestNG-PoolService-1] INFO  utils.ConfigReader - config.properties loaded successfully
2026-05-18 17:28:35.855 [TestNG-PoolService-3] INFO  base.BaseClass - Launching browser: edge
2026-05-18 17:28:35.855 [TestNG-PoolService-1] INFO  base.BaseClass - Launching browser: edge
2026-05-18 17:28:35.855 [TestNG-PoolService-2] INFO  base.BaseClass - Launching browser: edge
2026-05-18 17:28:37.709 [TestNG-PoolService-2] WARN  listeners.CucumberListener -    ⊘ STEP SKIPPED: the user navigates to the Coursera For Business page
2026-05-18 17:28:37.716 [TestNG-PoolService-2] WARN  listeners.CucumberListener -    ⊘ STEP SKIPPED: the user clicks on Contact Sales
2026-05-18 17:28:37.729 [TestNG-PoolService-3] WARN  listeners.CucumberListener -    ⊘ STEP SKIPPED: the user navigates to the Language Learning category
2026-05-18 17:28:37.737 [TestNG-PoolService-2] WARN  listeners.CucumberListener -    ⊘ STEP SKIPPED: the user fills the contact form with the following details:
2026-05-18 17:28:37.738 [TestNG-PoolService-3] WARN  listeners.CucumberListener -    ⊘ STEP SKIPPED: the user opens the language filter dropdown
2026-05-18 17:28:37.742 [TestNG-PoolService-2] WARN  listeners.CucumberListener -    ⊘ STEP SKIPPED: an email validation error message should be displayed
2026-05-18 17:28:37.745 [TestNG-PoolService-3] WARN  listeners.CucumberListener -    ⊘ STEP SKIPPED: all available languages with their counts should be captured and displayed
2026-05-18 17:28:37.746 [TestNG-PoolService-2] WARN  listeners.CucumberListener -    ⊘ STEP SKIPPED: the error message should contain "valid email"
2026-05-18 17:28:37.749 [TestNG-PoolService-3] WARN  listeners.CucumberListener -    ⊘ STEP SKIPPED: the user opens the level filter dropdown
2026-05-18 17:28:37.751 [TestNG-PoolService-2] INFO  hooks.CucumberHooks - ====== SCENARIO FINISHED: Verify email validation error on business contact form | Status: FAILED ======
2026-05-18 17:28:37.751 [TestNG-PoolService-3] WARN  listeners.CucumberListener -    ⊘ STEP SKIPPED: all available levels with their counts should be captured and displayed
2026-05-18 17:28:37.751 [TestNG-PoolService-2] WARN  hooks.CucumberHooks - Scenario FAILED — capturing screenshot
2026-05-18 17:28:37.754 [TestNG-PoolService-3] WARN  listeners.CucumberListener -    ⊘ STEP SKIPPED: the language list should contain at least 5 languages
2026-05-18 17:28:37.756 [TestNG-PoolService-3] WARN  listeners.CucumberListener -    ⊘ STEP SKIPPED: the level list should contain at least 2 levels
2026-05-18 17:28:37.758 [TestNG-PoolService-3] INFO  hooks.CucumberHooks - ====== SCENARIO FINISHED: Extract all languages and levels from Language Learning category | Status: FAILED ======
2026-05-18 17:28:37.759 [TestNG-PoolService-3] WARN  hooks.CucumberHooks - Scenario FAILED — capturing screenshot
2026-05-18 17:28:37.777 [TestNG-PoolService-3] ERROR utils.ScreenshotUtil - Screenshot capture (bytes) failed: Cannot invoke "org.openqa.selenium.TakesScreenshot.getScreenshotAs(org.openqa.selenium.OutputType)" because "ts" is null
2026-05-18 17:28:37.777 [TestNG-PoolService-2] ERROR utils.ScreenshotUtil - Screenshot capture (bytes) failed: Cannot invoke "org.openqa.selenium.TakesScreenshot.getScreenshotAs(org.openqa.selenium.OutputType)" because "ts" is null
2026-05-18 17:28:37.887 [TestNG-PoolService-2] ERROR listeners.CucumberListener - ■ SCENARIO FAILED: [Verify email validation error on business contact form] in 2.22s | Status: FAILED
2026-05-18 17:28:37.895 [TestNG-PoolService-3] ERROR listeners.CucumberListener - ■ SCENARIO FAILED: [Extract all languages and levels from Language Learning category] in 2.22s | Status: FAILED
2026-05-18 17:28:37.899 [TestNG-PoolService-1] WARN  listeners.CucumberListener -    ⊘ STEP SKIPPED: the user is on the Coursera home page
2026-05-18 17:28:37.901 [TestNG-PoolService-1] WARN  listeners.CucumberListener -    ⊘ STEP SKIPPED: the user searches for "web development courses for beginners"
2026-05-18 17:28:37.904 [TestNG-PoolService-1] WARN  listeners.CucumberListener -    ⊘ STEP SKIPPED: the search results page should be displayed
2026-05-18 17:28:37.907 [TestNG-PoolService-1] WARN  listeners.CucumberListener -    ⊘ STEP SKIPPED: the user applies the language filter "English"
2026-05-18 17:28:37.909 [TestNG-PoolService-1] WARN  listeners.CucumberListener -    ⊘ STEP SKIPPED: the user applies the level filter "Beginner"
2026-05-18 17:28:37.912 [TestNG-PoolService-1] WARN  listeners.CucumberListener -    ⊘ STEP SKIPPED: the user extracts the first 5 courses with name, hours and rating
2026-05-18 17:28:37.913 [TestNG-PoolService-1] WARN  listeners.CucumberListener -    ⊘ STEP SKIPPED: the course data is saved to an Excel file
2026-05-18 17:28:37.915 [TestNG-PoolService-1] WARN  listeners.CucumberListener -    ⊘ STEP SKIPPED: the first course name should not be empty
2026-05-18 17:28:37.916 [TestNG-PoolService-1] INFO  hooks.CucumberHooks - ====== SCENARIO FINISHED: Search web development courses for beginners in English and save to Excel | Status: FAILED ======
2026-05-18 17:28:37.916 [TestNG-PoolService-1] WARN  hooks.CucumberHooks - Scenario FAILED — capturing screenshot
2026-05-18 17:28:37.916 [TestNG-PoolService-1] ERROR utils.ScreenshotUtil - Screenshot capture (bytes) failed: Cannot invoke "org.openqa.selenium.TakesScreenshot.getScreenshotAs(org.openqa.selenium.OutputType)" because "ts" is null
2026-05-18 17:28:37.929 [TestNG-PoolService-1] ERROR listeners.CucumberListener - ■ SCENARIO FAILED: [Search web development courses for beginners in English and save to Excel] in 2.36s | Status: FAILED
2026-05-18 17:28:38.404 [main] INFO  listeners.CucumberListener - ========================================
2026-05-18 17:28:38.405 [main] INFO  listeners.CucumberListener -   CUCUMBER TEST RUN FINISHED
2026-05-18 17:28:38.405 [main] INFO  listeners.CucumberListener - ========================================
2026-05-18 17:28:38.428 [main] INFO  listeners.CucumberListener - Extent Reports flushed successfully
2026-05-18 17:34:53.340 [TestNG-PoolService-3] INFO  listeners.CucumberListener - ▶ SCENARIO STARTED: [Extract all languages and levels from Language Learning category] in [file:///C:/Users/2485858/Downloads/Coursera_Hackathon_Project%20(1)/CourseraAutomation/src/test/resources/features/LanguageLearning.feature]
2026-05-18 17:34:53.357 [TestNG-PoolService-2] INFO  listeners.CucumberListener - ▶ SCENARIO STARTED: [Verify email validation error on business contact form] in [file:///C:/Users/2485858/Downloads/Coursera_Hackathon_Project%20(1)/CourseraAutomation/src/test/resources/features/EnterpriseForm.feature]
2026-05-18 17:34:53.368 [TestNG-PoolService-1] INFO  listeners.CucumberListener - ▶ SCENARIO STARTED: [Search web development courses for beginners in English and save to Excel] in [file:///C:/Users/2485858/Downloads/Coursera_Hackathon_Project%20(1)/CourseraAutomation/src/test/resources/features/CourseSearch.feature]
2026-05-18 17:34:53.373 [TestNG-PoolService-3] INFO  hooks.CucumberHooks - ====== SCENARIO STARTED: Extract all languages and levels from Language Learning category ======
2026-05-18 17:34:53.373 [TestNG-PoolService-2] INFO  hooks.CucumberHooks - ====== SCENARIO STARTED: Verify email validation error on business contact form ======
2026-05-18 17:34:53.374 [TestNG-PoolService-2] INFO  hooks.CucumberHooks - Tags: [@EnterpriseForm, @Smoke, @EnterpriseForm]
2026-05-18 17:34:53.374 [TestNG-PoolService-3] INFO  hooks.CucumberHooks - Tags: [@LanguageLearning, @Smoke, @LanguageLearning]
2026-05-18 17:34:53.374 [TestNG-PoolService-1] INFO  hooks.CucumberHooks - ====== SCENARIO STARTED: Search web development courses for beginners in English and save to Excel ======
2026-05-18 17:34:53.375 [TestNG-PoolService-1] INFO  hooks.CucumberHooks - Tags: [@CourseSearch, @Smoke, @CourseSearch]
2026-05-18 17:34:53.380 [TestNG-PoolService-2] INFO  utils.ConfigReader - config.properties loaded successfully
2026-05-18 17:34:53.381 [TestNG-PoolService-2] INFO  base.BaseClass - Launching browser: edge
2026-05-18 17:34:53.381 [TestNG-PoolService-1] INFO  base.BaseClass - Launching browser: edge
2026-05-18 17:34:53.381 [TestNG-PoolService-3] INFO  base.BaseClass - Launching browser: edge
2026-05-18 17:35:02.033 [TestNG-PoolService-2] INFO  base.BaseClass - Edge browser launched (via Selenium Manager)
2026-05-18 17:35:02.033 [TestNG-PoolService-1] INFO  base.BaseClass - Edge browser launched (via Selenium Manager)
2026-05-18 17:35:02.033 [TestNG-PoolService-3] INFO  base.BaseClass - Edge browser launched (via Selenium Manager)
2026-05-18 17:35:02.060 [TestNG-PoolService-1] INFO  base.BaseClass - WebDriver [edge] created and stored in ThreadLocal
2026-05-18 17:35:02.065 [TestNG-PoolService-1] INFO  utils.ExtentReportManager - ExtentReports initialised at: reports/extent/ExtentReport.html
2026-05-18 17:35:02.068 [TestNG-PoolService-3] INFO  base.BaseClass - WebDriver [edge] created and stored in ThreadLocal
2026-05-18 17:35:02.087 [TestNG-PoolService-1] INFO  hooks.CucumberHooks - Browser launched successfully
2026-05-18 17:35:02.087 [TestNG-PoolService-3] INFO  hooks.CucumberHooks - Browser launched successfully
2026-05-18 17:35:02.112 [TestNG-PoolService-2] INFO  base.BaseClass - WebDriver [edge] created and stored in ThreadLocal
2026-05-18 17:35:02.122 [TestNG-PoolService-2] INFO  hooks.CucumberHooks - Browser launched successfully
2026-05-18 17:35:02.159 [TestNG-PoolService-2] INFO  stepdefinitions.EnterpriseFormSteps - STEP: Navigating to Coursera For Business page
2026-05-18 17:35:02.163 [TestNG-PoolService-3] INFO  stepdefinitions.LanguageLearningSteps - STEP: Navigating to Language Learning category
2026-05-18 17:35:02.196 [TestNG-PoolService-1] INFO  stepdefinitions.CourseSearchSteps - STEP: Opening Coursera home page
2026-05-18 17:35:02.197 [TestNG-PoolService-1] INFO  pages.HomePage - Navigating to: https://www.coursera.org
2026-05-18 17:35:25.455 [TestNG-PoolService-2] INFO  listeners.CucumberListener -    ✓ STEP PASSED: the user navigates to the Coursera For Business page
2026-05-18 17:35:25.458 [TestNG-PoolService-2] INFO  stepdefinitions.EnterpriseFormSteps - STEP: Clicking Contact Sales / scrolling to form
2026-05-18 17:35:25.458 [TestNG-PoolService-2] INFO  pages.CampusPage - Navigating to form
2026-05-18 17:35:28.502 [TestNG-PoolService-3] INFO  listeners.CucumberListener -    ✓ STEP PASSED: the user navigates to the Language Learning category
2026-05-18 17:35:28.503 [TestNG-PoolService-3] INFO  stepdefinitions.LanguageLearningSteps - STEP: Opening Language filter dropdown
2026-05-18 17:35:28.504 [TestNG-PoolService-3] INFO  pages.LanguageCoursesPage - Extracting all language filter options
2026-05-18 17:35:29.070 [TestNG-PoolService-1] INFO  stepdefinitions.CourseSearchSteps - Home page opened successfully
2026-05-18 17:35:29.072 [TestNG-PoolService-1] INFO  listeners.CucumberListener -    ✓ STEP PASSED: the user is on the Coursera home page
2026-05-18 17:35:29.074 [TestNG-PoolService-1] INFO  stepdefinitions.CourseSearchSteps - STEP: Searching for: web development courses for beginners
2026-05-18 17:35:29.074 [TestNG-PoolService-1] INFO  pages.HomePage - Searching for: web development courses for beginners
2026-05-18 17:35:29.548 [TestNG-PoolService-3] INFO  utils.JavaScriptUtil - JavaScript click performed on element
2026-05-18 17:35:29.549 [TestNG-PoolService-3] INFO  pages.LanguageCoursesPage - Clicked 'Language' section
2026-05-18 17:35:45.842 [TestNG-PoolService-2] INFO  utils.JavaScriptUtil - Scrolled by 600 pixels
2026-05-18 17:35:45.886 [TestNG-PoolService-2] INFO  pages.CampusPage - Marketo form found
2026-05-18 17:35:45.887 [TestNG-PoolService-2] INFO  listeners.CucumberListener -    ✓ STEP PASSED: the user clicks on Contact Sales
2026-05-18 17:35:45.900 [TestNG-PoolService-2] INFO  stepdefinitions.EnterpriseFormSteps - STEP: Filling contact form with DataTable values
2026-05-18 17:35:45.904 [TestNG-PoolService-2] INFO  stepdefinitions.EnterpriseFormSteps - Form data: {firstName=Srijita, lastName=Baksi, email=srijitacogniznat.com, phone=9775985472}
2026-05-18 17:35:45.905 [TestNG-PoolService-2] INFO  pages.CampusPage - Filling form with invalid email: srijitacogniznat.com
2026-05-18 17:35:47.372 [TestNG-PoolService-2] INFO  pages.CampusPage - Entered First Name: Srijita
2026-05-18 17:35:47.809 [TestNG-PoolService-2] INFO  pages.CampusPage - Entered Last Name: Baksi
2026-05-18 17:35:48.105 [TestNG-PoolService-2] INFO  pages.CampusPage - Entered Phone: 9775985472
2026-05-18 17:35:48.386 [TestNG-PoolService-2] INFO  pages.CampusPage - Entered invalid email: srijitacogniznat.com
2026-05-18 17:35:55.063 [TestNG-PoolService-3] INFO  pages.LanguageCoursesPage - Total languages: 62
2026-05-18 17:35:55.064 [TestNG-PoolService-3] INFO  listeners.CucumberListener -    ✓ STEP PASSED: the user opens the language filter dropdown
2026-05-18 17:35:55.066 [TestNG-PoolService-3] INFO  stepdefinitions.LanguageLearningSteps - STEP: Verifying languages were captured
2026-05-18 17:35:55.095 [TestNG-PoolService-3] INFO  stepdefinitions.LanguageLearningSteps - 
===== LANGUAGES EXTRACTED =====
  English                   → 9690 courses
  Spanish                   → 4330 courses
  Kazakh                    → 4293 courses
  French                    → 4229 courses
  Arabic                    → 4133 courses
  German                    → 4113 courses
  Portuguese                → 3005 courses
  Indonesian                → 2958 courses
  Chinese                   → 2797 courses
  Hungarian                 → 2684 courses
  Russian                   → 2660 courses
  Japanese                  → 2656 courses
  Korean                    → 2639 courses
  Hindi                     → 2564 courses
  Italian                   → 2555 courses
  Turkish                   → 2509 courses
  Thai                      → 2474 courses
  Ukrainian                 → 2455 courses
  Dutch                     → 2443 courses
  Greek                     → 2441 courses
  Polish                    → 2441 courses
  Swedish                   → 2422 courses
  Uzbek                     → 1925 courses
  Pushto                    → 1806 courses
  Vietnamese                → 1806 courses
  Azerbaijani               → 1593 courses
  Urdu                      → 1351 courses
  Bengali                   → 1343 courses
  Oriya                     → 233 courses
  Malay                     → 189 courses
  Haitian (Haitian Creole)  → 90 courses
  Persian                   → 62 courses
  Khmer                     → 37 courses
  Romanian                  → 31 courses
  Hebrew                    → 29 courses
  Serbian                   → 23 courses
  Afrikaans                 → 19 courses
  Javanese                  → 17 courses
  Finnish                   → 16 courses
  Tamil                     → 15 courses
  Catalan                   → 13 courses
  Slovak                    → 10 courses
  Czech                     → 9 courses
  Estonian                  → 9 courses
  Mongolian                 → 8 courses
  Albanian                  → 5 courses
  Georgian                  → 5 courses
  Telugu                    → 5 courses
  Croatian                  → 4 courses
  Bulgarian                 → 3 courses
  Lithuanian                → 3 courses
  Burmese                   → 2 courses
  Latvian                   → 2 courses
  Marathi                   → 2 courses
  Nepali                    → 2 courses
  Danish                    → 1 courses
  Kinyarwanda               → 1 courses
  Macedonian                → 1 courses
  Malayalam                 → 1 courses
  Slovenian                 → 1 courses
  Swahili                   → 1 courses
  Tagalog                   → 1 courses
================================
2026-05-18 17:35:55.097 [TestNG-PoolService-3] INFO  listeners.CucumberListener -    ✓ STEP PASSED: all available languages with their counts should be captured and displayed
2026-05-18 17:35:55.098 [TestNG-PoolService-3] INFO  stepdefinitions.LanguageLearningSteps - STEP: Opening Level filter dropdown
2026-05-18 17:35:55.098 [TestNG-PoolService-3] INFO  pages.LanguageCoursesPage - Extracting all level filter options
2026-05-18 17:35:58.565 [TestNG-PoolService-2] INFO  pages.CampusPage - Form filled successfully
2026-05-18 17:35:58.843 [TestNG-PoolService-2] INFO  utils.ScreenshotUtil - Screenshot saved: C:\Users\2485858\Downloads\Coursera_Hackathon_Project (1)\CourseraAutomation\screenshots\FormFilledWithInvalidEmail_2026-05-18_17-35-58.png
2026-05-18 17:35:58.854 [TestNG-PoolService-2] INFO  listeners.CucumberListener -    ✓ STEP PASSED: the user fills the contact form with the following details:
2026-05-18 17:35:58.856 [TestNG-PoolService-2] INFO  stepdefinitions.EnterpriseFormSteps - STEP: Checking for email validation error message
2026-05-18 17:35:59.048 [TestNG-PoolService-2] INFO  pages.CampusPage - Submit clicked
2026-05-18 17:36:01.063 [TestNG-PoolService-2] INFO  pages.CampusPage - Capturing email error message
2026-05-18 17:36:01.145 [TestNG-PoolService-2] INFO  pages.CampusPage - Error: Must be valid email.
example@yourdomain.com
2026-05-18 17:36:01.148 [TestNG-PoolService-2] INFO  stepdefinitions.EnterpriseFormSteps - Captured error message: Must be valid email.
example@yourdomain.com
2026-05-18 17:36:01.391 [TestNG-PoolService-2] INFO  utils.ScreenshotUtil - Screenshot saved: C:\Users\2485858\Downloads\Coursera_Hackathon_Project (1)\CourseraAutomation\screenshots\EmailValidationError_2026-05-18_17-36-01.png
2026-05-18 17:36:01.393 [TestNG-PoolService-2] INFO  listeners.CucumberListener -    ✓ STEP PASSED: an email validation error message should be displayed
2026-05-18 17:36:01.397 [TestNG-PoolService-2] INFO  stepdefinitions.EnterpriseFormSteps - STEP: Asserting error message contains: valid email
2026-05-18 17:36:01.398 [TestNG-PoolService-2] INFO  stepdefinitions.EnterpriseFormSteps - Assertion PASSED (exact match): Must be valid email.
example@yourdomain.com
2026-05-18 17:36:01.399 [TestNG-PoolService-2] INFO  listeners.CucumberListener -    ✓ STEP PASSED: the error message should contain "valid email"
2026-05-18 17:36:01.404 [TestNG-PoolService-2] INFO  hooks.CucumberHooks - ====== SCENARIO FINISHED: Verify email validation error on business contact form | Status: PASSED ======
2026-05-18 17:36:01.404 [TestNG-PoolService-2] INFO  base.BaseClass - Quitting edge browser and removing from ThreadLocal
2026-05-18 17:36:06.817 [TestNG-PoolService-2] INFO  hooks.CucumberHooks - Browser closed. Scenario teardown complete.
2026-05-18 17:36:06.939 [TestNG-PoolService-2] INFO  listeners.CucumberListener - ■ SCENARIO PASSED: [Verify email validation error on business contact form] in 73.65s
2026-05-18 17:36:25.570 [TestNG-PoolService-3] INFO  utils.JavaScriptUtil - JavaScript click performed on element
2026-05-18 17:36:25.570 [TestNG-PoolService-3] INFO  pages.LanguageCoursesPage - Clicked 'Level' section
2026-05-18 17:36:36.206 [TestNG-PoolService-1] INFO  pages.HomePage - Search submitted. URL: https://www.coursera.org/search?query=web%20development%20courses%20for%20beginners
2026-05-18 17:36:36.207 [TestNG-PoolService-1] INFO  listeners.CucumberListener -    ✓ STEP PASSED: the user searches for "web development courses for beginners"
2026-05-18 17:36:36.208 [TestNG-PoolService-1] INFO  stepdefinitions.CourseSearchSteps - STEP: Verifying search results page
2026-05-18 17:36:36.217 [TestNG-PoolService-1] INFO  stepdefinitions.CourseSearchSteps - Search results page verified. URL: https://www.coursera.org/search?query=web%20development%20courses%20for%20beginners
2026-05-18 17:36:36.218 [TestNG-PoolService-1] INFO  listeners.CucumberListener -    ✓ STEP PASSED: the search results page should be displayed
2026-05-18 17:36:36.219 [TestNG-PoolService-1] INFO  stepdefinitions.CourseSearchSteps - STEP: Applying language filter: English
2026-05-18 17:36:36.219 [TestNG-PoolService-1] INFO  pages.SearchResultsPage - Applying language filter: English
2026-05-18 17:36:37.364 [TestNG-PoolService-3] INFO  pages.LanguageCoursesPage - Level: Beginner → 4704
2026-05-18 17:36:37.365 [TestNG-PoolService-3] INFO  pages.LanguageCoursesPage - Level: Intermediate → 4248
2026-05-18 17:36:37.365 [TestNG-PoolService-3] INFO  pages.LanguageCoursesPage - Level: Advanced → 449
2026-05-18 17:36:37.365 [TestNG-PoolService-3] INFO  pages.LanguageCoursesPage - Level: Mixed → 935
2026-05-18 17:36:37.365 [TestNG-PoolService-3] INFO  pages.LanguageCoursesPage - Total levels: 4
2026-05-18 17:36:37.367 [TestNG-PoolService-3] INFO  listeners.CucumberListener -    ✓ STEP PASSED: the user opens the level filter dropdown
2026-05-18 17:36:37.368 [TestNG-PoolService-3] INFO  stepdefinitions.LanguageLearningSteps - STEP: Verifying levels were captured
2026-05-18 17:36:37.369 [TestNG-PoolService-3] INFO  stepdefinitions.LanguageLearningSteps - 
===== LEVELS EXTRACTED =====
  Beginner                  → 4704 courses
  Intermediate              → 4248 courses
  Advanced                  → 449 courses
  Mixed                     → 935 courses
============================
2026-05-18 17:36:37.370 [TestNG-PoolService-3] INFO  listeners.CucumberListener -    ✓ STEP PASSED: all available levels with their counts should be captured and displayed
2026-05-18 17:36:37.374 [TestNG-PoolService-3] INFO  stepdefinitions.LanguageLearningSteps - STEP: Asserting language count >= 5
2026-05-18 17:36:37.377 [TestNG-PoolService-3] INFO  stepdefinitions.LanguageLearningSteps - Language count: 62 >= 5
2026-05-18 17:36:37.378 [TestNG-PoolService-3] INFO  listeners.CucumberListener -    ✓ STEP PASSED: the language list should contain at least 5 languages
2026-05-18 17:36:37.380 [TestNG-PoolService-3] INFO  stepdefinitions.LanguageLearningSteps - STEP: Asserting level count >= 2
2026-05-18 17:36:37.380 [TestNG-PoolService-3] INFO  stepdefinitions.LanguageLearningSteps - Level count: 4 >= 2
2026-05-18 17:36:37.381 [TestNG-PoolService-3] INFO  listeners.CucumberListener -    ✓ STEP PASSED: the level list should contain at least 2 levels
2026-05-18 17:36:37.383 [TestNG-PoolService-3] INFO  hooks.CucumberHooks - ====== SCENARIO FINISHED: Extract all languages and levels from Language Learning category | Status: PASSED ======
2026-05-18 17:36:37.384 [TestNG-PoolService-3] INFO  base.BaseClass - Quitting edge browser and removing from ThreadLocal
2026-05-18 17:36:41.664 [TestNG-PoolService-3] INFO  hooks.CucumberHooks - Browser closed. Scenario teardown complete.
2026-05-18 17:36:41.669 [TestNG-PoolService-3] INFO  listeners.CucumberListener - ■ SCENARIO PASSED: [Extract all languages and levels from Language Learning category] in 108.50s
2026-05-18 17:37:01.127 [TestNG-PoolService-1] INFO  listeners.CucumberListener -    ✓ STEP PASSED: the user applies the language filter "English"
2026-05-18 17:37:01.129 [TestNG-PoolService-1] INFO  stepdefinitions.CourseSearchSteps - STEP: Applying level filter: Beginner
2026-05-18 17:37:01.130 [TestNG-PoolService-1] INFO  pages.SearchResultsPage - Applying level filter: Beginner
2026-05-18 17:37:25.359 [TestNG-PoolService-1] INFO  listeners.CucumberListener -    ✓ STEP PASSED: the user applies the level filter "Beginner"
2026-05-18 17:37:25.362 [TestNG-PoolService-1] INFO  stepdefinitions.CourseSearchSteps - STEP: Extracting 5 courses
2026-05-18 17:37:25.362 [TestNG-PoolService-1] INFO  pages.SearchResultsPage - Extracting top 5 courses
2026-05-18 17:37:45.532 [TestNG-PoolService-1] INFO  utils.JavaScriptUtil - Scrolled by 800 pixels
2026-05-18 17:37:46.559 [TestNG-PoolService-1] INFO  utils.JavaScriptUtil - Scrolled to top of page
2026-05-18 17:38:17.196 [TestNG-PoolService-1] INFO  pages.SearchResultsPage - Found 11 course cards
2026-05-18 17:38:17.279 [TestNG-PoolService-1] INFO  pages.SearchResultsPage - Extracted: 1. Web Development for Beginners | Rating: 4.7 | Hours: 3 - 6 Months
2026-05-18 17:38:17.367 [TestNG-PoolService-1] INFO  pages.SearchResultsPage - Extracted: 2. Front-End Web Development for Beginners | Rating: 4.6 | Hours: 1 - 3 Months
2026-05-18 17:38:17.424 [TestNG-PoolService-1] INFO  pages.SearchResultsPage - Extracted: 3. Introduction to Web Development with HTML, CSS, JavaScript | Rating: 4.6 | Hours: 1 - 3 Months
2026-05-18 17:38:17.486 [TestNG-PoolService-1] INFO  pages.SearchResultsPage - Extracted: 4. Introduction to HTML, CSS, & JavaScript | Rating: 4.4 | Hours: 1 - 4 Weeks
2026-05-18 17:38:17.546 [TestNG-PoolService-1] INFO  pages.SearchResultsPage - Extracted: 5. Introduction to Web Development | Rating: 4.7 | Hours: 1 - 4 Weeks
2026-05-18 17:38:17.546 [TestNG-PoolService-1] INFO  pages.SearchResultsPage - Total extracted: 5
2026-05-18 17:38:17.546 [TestNG-PoolService-1] INFO  stepdefinitions.CourseSearchSteps - Course: 1. Web Development for Beginners | Rating: 4.7 | Hours: 3 - 6 Months
2026-05-18 17:38:17.547 [TestNG-PoolService-1] INFO  stepdefinitions.CourseSearchSteps - Course: 2. Front-End Web Development for Beginners | Rating: 4.6 | Hours: 1 - 3 Months
2026-05-18 17:38:17.547 [TestNG-PoolService-1] INFO  stepdefinitions.CourseSearchSteps - Course: 3. Introduction to Web Development with HTML, CSS, JavaScript | Rating: 4.6 | Hours: 1 - 3 Months
2026-05-18 17:38:17.547 [TestNG-PoolService-1] INFO  stepdefinitions.CourseSearchSteps - Course: 4. Introduction to HTML, CSS, & JavaScript | Rating: 4.4 | Hours: 1 - 4 Weeks
2026-05-18 17:38:17.547 [TestNG-PoolService-1] INFO  stepdefinitions.CourseSearchSteps - Course: 5. Introduction to Web Development | Rating: 4.7 | Hours: 1 - 4 Weeks
2026-05-18 17:38:17.548 [TestNG-PoolService-1] INFO  stepdefinitions.CourseSearchSteps - Extraction complete. Got 5 courses.
2026-05-18 17:38:17.548 [TestNG-PoolService-1] INFO  listeners.CucumberListener -    ✓ STEP PASSED: the user extracts the first 5 courses with name, hours and rating
2026-05-18 17:38:17.550 [TestNG-PoolService-1] INFO  stepdefinitions.CourseSearchSteps - STEP: Saving course data to Excel
2026-05-18 17:38:17.550 [TestNG-PoolService-1] INFO  pages.SearchResultsPage - Saving 5 courses to Excel: src/test/resources/testdata/CourseData.xlsx
2026-05-18 17:38:17.554 [TestNG-PoolService-1] INFO  utils.ExcelDataWriter - Writing 5 courses to Excel: src/test/resources/testdata/CourseData.xlsx
2026-05-18 17:38:18.543 [TestNG-PoolService-1] INFO  utils.ExcelDataWriter - Excel file saved: src/test/resources/testdata/CourseData.xlsx
2026-05-18 17:38:18.554 [TestNG-PoolService-1] INFO  stepdefinitions.CourseSearchSteps - Excel saved successfully: src/test/resources/testdata/CourseData.xlsx
2026-05-18 17:38:18.555 [TestNG-PoolService-1] INFO  listeners.CucumberListener -    ✓ STEP PASSED: the course data is saved to an Excel file
2026-05-18 17:38:18.557 [TestNG-PoolService-1] INFO  stepdefinitions.CourseSearchSteps - STEP: Asserting first course name is not empty
2026-05-18 17:38:18.558 [TestNG-PoolService-1] INFO  stepdefinitions.CourseSearchSteps - First course name: Web Development for Beginners
2026-05-18 17:38:18.559 [TestNG-PoolService-1] INFO  listeners.CucumberListener -    ✓ STEP PASSED: the first course name should not be empty
2026-05-18 17:38:18.560 [TestNG-PoolService-1] INFO  hooks.CucumberHooks - ====== SCENARIO FINISHED: Search web development courses for beginners in English and save to Excel | Status: PASSED ======
2026-05-18 17:38:18.560 [TestNG-PoolService-1] INFO  base.BaseClass - Quitting edge browser and removing from ThreadLocal
2026-05-18 17:38:22.619 [TestNG-PoolService-1] INFO  hooks.CucumberHooks - Browser closed. Scenario teardown complete.
2026-05-18 17:38:22.625 [TestNG-PoolService-1] INFO  listeners.CucumberListener - ■ SCENARIO PASSED: [Search web development courses for beginners in English and save to Excel] in 209.45s
2026-05-18 17:38:23.005 [main] INFO  listeners.CucumberListener - ========================================
2026-05-18 17:38:23.005 [main] INFO  listeners.CucumberListener -   CUCUMBER TEST RUN FINISHED
2026-05-18 17:38:23.005 [main] INFO  listeners.CucumberListener - ========================================
2026-05-18 17:38:23.094 [main] INFO  utils.ExtentReportManager - Extent Reports flushed to disk
2026-05-18 17:38:23.095 [main] INFO  listeners.CucumberListener - Extent Reports flushed successfully
2026-05-18 18:26:57.753 [TestNG-PoolService-3] INFO  com.hackathonProject.listeners.CucumberListener - ▶ SCENARIO STARTED: [Extract all languages and levels from Language Learning category] in [file:///C:/Users/2485858/Downloads/Coursera_Hackathon_Project%20(1)/CourseraAutomation/src/test/resources/features/LanguageLearning.feature]
2026-05-18 18:26:57.764 [TestNG-PoolService-1] INFO  com.hackathonProject.listeners.CucumberListener - ▶ SCENARIO STARTED: [Search web development courses for beginners in English and save to Excel] in [file:///C:/Users/2485858/Downloads/Coursera_Hackathon_Project%20(1)/CourseraAutomation/src/test/resources/features/CourseSearch.feature]
2026-05-18 18:26:57.775 [TestNG-PoolService-2] INFO  com.hackathonProject.listeners.CucumberListener - ▶ SCENARIO STARTED: [Verify email validation error on business contact form] in [file:///C:/Users/2485858/Downloads/Coursera_Hackathon_Project%20(1)/CourseraAutomation/src/test/resources/features/EnterpriseForm.feature]
2026-05-18 18:26:57.802 [TestNG-PoolService-1] INFO  com.hackathonProject.listeners.CucumberListener -    ~ STEP [UNDEFINED]: the user is on the Coursera home page
2026-05-18 18:26:57.803 [TestNG-PoolService-2] INFO  com.hackathonProject.listeners.CucumberListener -    ~ STEP [UNDEFINED]: the user navigates to the Coursera For Business page
2026-05-18 18:26:57.804 [TestNG-PoolService-3] INFO  com.hackathonProject.listeners.CucumberListener -    ~ STEP [UNDEFINED]: the user navigates to the Language Learning category
2026-05-18 18:26:57.810 [TestNG-PoolService-1] WARN  com.hackathonProject.listeners.CucumberListener -    ⊘ STEP SKIPPED: the user searches for "web development courses for beginners"
2026-05-18 18:26:57.811 [TestNG-PoolService-2] WARN  com.hackathonProject.listeners.CucumberListener -    ⊘ STEP SKIPPED: the user clicks on Contact Sales
2026-05-18 18:26:57.846 [TestNG-PoolService-2] WARN  com.hackathonProject.listeners.CucumberListener -    ⊘ STEP SKIPPED: the user fills the contact form with the following details:
2026-05-18 18:26:57.849 [TestNG-PoolService-3] WARN  com.hackathonProject.listeners.CucumberListener -    ⊘ STEP SKIPPED: the user opens the language filter dropdown
2026-05-18 18:26:57.850 [TestNG-PoolService-2] WARN  com.hackathonProject.listeners.CucumberListener -    ⊘ STEP SKIPPED: an email validation error message should be displayed
2026-05-18 18:26:57.851 [TestNG-PoolService-2] WARN  com.hackathonProject.listeners.CucumberListener -    ⊘ STEP SKIPPED: the error message should contain "valid email"
2026-05-18 18:26:57.852 [TestNG-PoolService-1] WARN  com.hackathonProject.listeners.CucumberListener -    ⊘ STEP SKIPPED: the search results page should be displayed
2026-05-18 18:26:57.853 [TestNG-PoolService-1] WARN  com.hackathonProject.listeners.CucumberListener -    ⊘ STEP SKIPPED: the user applies the language filter "English"
2026-05-18 18:26:57.855 [TestNG-PoolService-3] WARN  com.hackathonProject.listeners.CucumberListener -    ⊘ STEP SKIPPED: all available languages with their counts should be captured and displayed
2026-05-18 18:26:57.857 [TestNG-PoolService-1] WARN  com.hackathonProject.listeners.CucumberListener -    ⊘ STEP SKIPPED: the user applies the level filter "Beginner"
2026-05-18 18:26:57.922 [TestNG-PoolService-2] ERROR com.hackathonProject.listeners.CucumberListener - ■ SCENARIO FAILED: [Verify email validation error on business contact form] in 0.32s | Status: UNDEFINED
2026-05-18 18:26:57.923 [TestNG-PoolService-3] WARN  com.hackathonProject.listeners.CucumberListener -    ⊘ STEP SKIPPED: the user opens the level filter dropdown
2026-05-18 18:26:57.925 [TestNG-PoolService-1] WARN  com.hackathonProject.listeners.CucumberListener -    ⊘ STEP SKIPPED: the user extracts the first 5 courses with name, hours and rating
2026-05-18 18:26:57.926 [TestNG-PoolService-1] WARN  com.hackathonProject.listeners.CucumberListener -    ⊘ STEP SKIPPED: the course data is saved to an Excel file
2026-05-18 18:26:57.928 [TestNG-PoolService-3] WARN  com.hackathonProject.listeners.CucumberListener -    ⊘ STEP SKIPPED: all available levels with their counts should be captured and displayed
2026-05-18 18:26:57.929 [TestNG-PoolService-3] WARN  com.hackathonProject.listeners.CucumberListener -    ⊘ STEP SKIPPED: the language list should contain at least 5 languages
2026-05-18 18:26:57.932 [TestNG-PoolService-3] WARN  com.hackathonProject.listeners.CucumberListener -    ⊘ STEP SKIPPED: the level list should contain at least 2 levels
2026-05-18 18:26:57.932 [TestNG-PoolService-1] WARN  com.hackathonProject.listeners.CucumberListener -    ⊘ STEP SKIPPED: the first course name should not be empty
2026-05-18 18:26:57.940 [TestNG-PoolService-1] ERROR com.hackathonProject.listeners.CucumberListener - ■ SCENARIO FAILED: [Search web development courses for beginners in English and save to Excel] in 0.40s | Status: UNDEFINED
2026-05-18 18:26:57.948 [TestNG-PoolService-3] ERROR com.hackathonProject.listeners.CucumberListener - ■ SCENARIO FAILED: [Extract all languages and levels from Language Learning category] in 0.40s | Status: UNDEFINED
2026-05-18 18:26:58.341 [main] INFO  com.hackathonProject.listeners.CucumberListener - ========================================
2026-05-18 18:26:58.341 [main] INFO  com.hackathonProject.listeners.CucumberListener -   CUCUMBER TEST RUN FINISHED
2026-05-18 18:26:58.341 [main] INFO  com.hackathonProject.listeners.CucumberListener - ========================================
2026-05-18 18:26:58.345 [main] INFO  com.hackathonProject.listeners.CucumberListener - Extent Reports flushed successfully
2026-05-18 18:28:40.817 [TestNG-PoolService-1] INFO  com.hackathonProject.listeners.CucumberListener - ▶ SCENARIO STARTED: [Search web development courses for beginners in English and save to Excel] in [file:///C:/Users/2485858/Downloads/Coursera_Hackathon_Project%20(1)/CourseraAutomation/src/test/resources/features/CourseSearch.feature]
2026-05-18 18:28:40.829 [TestNG-PoolService-3] INFO  com.hackathonProject.listeners.CucumberListener - ▶ SCENARIO STARTED: [Extract all languages and levels from Language Learning category] in [file:///C:/Users/2485858/Downloads/Coursera_Hackathon_Project%20(1)/CourseraAutomation/src/test/resources/features/LanguageLearning.feature]
2026-05-18 18:28:40.848 [TestNG-PoolService-2] INFO  com.hackathonProject.listeners.CucumberListener - ▶ SCENARIO STARTED: [Verify email validation error on business contact form] in [file:///C:/Users/2485858/Downloads/Coursera_Hackathon_Project%20(1)/CourseraAutomation/src/test/resources/features/EnterpriseForm.feature]
2026-05-18 18:28:40.854 [TestNG-PoolService-1] INFO  com.hackathonProject.hooks.CucumberHooks - ====== SCENARIO STARTED: Search web development courses for beginners in English and save to Excel ======
2026-05-18 18:28:40.854 [TestNG-PoolService-3] INFO  com.hackathonProject.hooks.CucumberHooks - ====== SCENARIO STARTED: Extract all languages and levels from Language Learning category ======
2026-05-18 18:28:40.854 [TestNG-PoolService-2] INFO  com.hackathonProject.hooks.CucumberHooks - ====== SCENARIO STARTED: Verify email validation error on business contact form ======
2026-05-18 18:28:40.854 [TestNG-PoolService-3] INFO  com.hackathonProject.hooks.CucumberHooks - Tags: [@LanguageLearning, @Smoke, @LanguageLearning]
2026-05-18 18:28:40.854 [TestNG-PoolService-2] INFO  com.hackathonProject.hooks.CucumberHooks - Tags: [@EnterpriseForm, @Smoke, @EnterpriseForm]
2026-05-18 18:28:40.854 [TestNG-PoolService-1] INFO  com.hackathonProject.hooks.CucumberHooks - Tags: [@CourseSearch, @Smoke, @CourseSearch]
2026-05-18 18:28:40.920 [TestNG-PoolService-3] INFO  com.hackathonProject.utils.ConfigReader - config.properties loaded successfully
2026-05-18 18:28:40.920 [TestNG-PoolService-3] INFO  com.hackathonProject.base.BaseClass - Launching browser: edge
2026-05-18 18:28:40.920 [TestNG-PoolService-2] INFO  com.hackathonProject.base.BaseClass - Launching browser: edge
2026-05-18 18:28:40.920 [TestNG-PoolService-1] INFO  com.hackathonProject.base.BaseClass - Launching browser: edge
2026-05-18 18:28:48.995 [TestNG-PoolService-3] INFO  com.hackathonProject.base.BaseClass - Edge browser launched (via Selenium Manager)
2026-05-18 18:28:49.006 [TestNG-PoolService-1] INFO  com.hackathonProject.base.BaseClass - Edge browser launched (via Selenium Manager)
2026-05-18 18:28:49.008 [TestNG-PoolService-3] INFO  com.hackathonProject.base.BaseClass - WebDriver [edge] created and stored in ThreadLocal
2026-05-18 18:28:49.016 [TestNG-PoolService-3] INFO  com.hackathonProject.utils.ExtentReportManager - ExtentReports initialised at: reports/extent/ExtentReport.html
2026-05-18 18:28:49.019 [TestNG-PoolService-1] INFO  com.hackathonProject.base.BaseClass - WebDriver [edge] created and stored in ThreadLocal
2026-05-18 18:28:49.006 [TestNG-PoolService-2] INFO  com.hackathonProject.base.BaseClass - Edge browser launched (via Selenium Manager)
2026-05-18 18:28:49.025 [TestNG-PoolService-3] INFO  com.hackathonProject.hooks.CucumberHooks - Browser launched successfully
2026-05-18 18:28:49.032 [TestNG-PoolService-1] INFO  com.hackathonProject.hooks.CucumberHooks - Browser launched successfully
2026-05-18 18:28:49.057 [TestNG-PoolService-2] INFO  com.hackathonProject.base.BaseClass - WebDriver [edge] created and stored in ThreadLocal
2026-05-18 18:28:49.058 [TestNG-PoolService-2] INFO  com.hackathonProject.hooks.CucumberHooks - Browser launched successfully
2026-05-18 18:28:49.146 [TestNG-PoolService-3] INFO  com.hackathonProject.stepdefinitions.LanguageLearningSteps - STEP: Navigating to Language Learning category
2026-05-18 18:28:49.176 [TestNG-PoolService-2] INFO  com.hackathonProject.stepdefinitions.EnterpriseFormSteps - STEP: Navigating to Coursera For Business page
2026-05-18 18:28:49.322 [TestNG-PoolService-1] INFO  com.hackathonProject.stepdefinitions.CourseSearchSteps - STEP: Opening Coursera home page
2026-05-18 18:28:49.332 [TestNG-PoolService-1] INFO  com.hackathonProject.pages.HomePage - Navigating to: https://www.coursera.org
2026-05-18 18:29:10.181 [TestNG-PoolService-2] INFO  com.hackathonProject.listeners.CucumberListener -    ✓ STEP PASSED: the user navigates to the Coursera For Business page
2026-05-18 18:29:10.194 [TestNG-PoolService-2] INFO  com.hackathonProject.stepdefinitions.EnterpriseFormSteps - STEP: Clicking Contact Sales / scrolling to form
2026-05-18 18:29:10.194 [TestNG-PoolService-2] INFO  com.hackathonProject.pages.CampusPage - Navigating to form
2026-05-18 18:29:14.571 [TestNG-PoolService-3] INFO  com.hackathonProject.listeners.CucumberListener -    ✓ STEP PASSED: the user navigates to the Language Learning category
2026-05-18 18:29:14.578 [TestNG-PoolService-3] INFO  com.hackathonProject.stepdefinitions.LanguageLearningSteps - STEP: Opening Language filter dropdown
2026-05-18 18:29:14.579 [TestNG-PoolService-3] INFO  com.hackathonProject.pages.LanguageCoursesPage - Extracting all language filter options
2026-05-18 18:29:15.568 [TestNG-PoolService-3] INFO  com.hackathonProject.utils.JavaScriptUtil - JavaScript click performed on element
2026-05-18 18:29:15.568 [TestNG-PoolService-3] INFO  com.hackathonProject.pages.LanguageCoursesPage - Clicked 'Language' section
2026-05-18 18:29:20.372 [TestNG-PoolService-1] INFO  com.hackathonProject.stepdefinitions.CourseSearchSteps - Home page opened successfully
2026-05-18 18:29:20.373 [TestNG-PoolService-1] INFO  com.hackathonProject.listeners.CucumberListener -    ✓ STEP PASSED: the user is on the Coursera home page
2026-05-18 18:29:20.375 [TestNG-PoolService-1] INFO  com.hackathonProject.stepdefinitions.CourseSearchSteps - STEP: Searching for: web development courses for beginners
2026-05-18 18:29:20.375 [TestNG-PoolService-1] INFO  com.hackathonProject.pages.HomePage - Searching for: web development courses for beginners
2026-05-18 18:29:30.495 [TestNG-PoolService-2] INFO  com.hackathonProject.utils.JavaScriptUtil - Scrolled by 600 pixels
2026-05-18 18:29:30.534 [TestNG-PoolService-2] INFO  com.hackathonProject.pages.CampusPage - Marketo form found
2026-05-18 18:29:30.535 [TestNG-PoolService-2] INFO  com.hackathonProject.listeners.CucumberListener -    ✓ STEP PASSED: the user clicks on Contact Sales
2026-05-18 18:29:30.545 [TestNG-PoolService-2] INFO  com.hackathonProject.stepdefinitions.EnterpriseFormSteps - STEP: Filling contact form with DataTable values
2026-05-18 18:29:30.547 [TestNG-PoolService-2] INFO  com.hackathonProject.stepdefinitions.EnterpriseFormSteps - Form data: {firstName=Srijita, lastName=Baksi, email=srijitacogniznat.com, phone=9775985472}
2026-05-18 18:29:30.548 [TestNG-PoolService-2] INFO  com.hackathonProject.pages.CampusPage - Filling form with invalid email: srijitacogniznat.com
2026-05-18 18:29:31.939 [TestNG-PoolService-2] INFO  com.hackathonProject.pages.CampusPage - Entered First Name: Srijita
2026-05-18 18:29:32.334 [TestNG-PoolService-2] INFO  com.hackathonProject.pages.CampusPage - Entered Last Name: Baksi
2026-05-18 18:29:32.597 [TestNG-PoolService-2] INFO  com.hackathonProject.pages.CampusPage - Entered Phone: 9775985472
2026-05-18 18:29:32.882 [TestNG-PoolService-2] INFO  com.hackathonProject.pages.CampusPage - Entered invalid email: srijitacogniznat.com
2026-05-18 18:29:41.449 [TestNG-PoolService-3] INFO  com.hackathonProject.pages.LanguageCoursesPage - Total languages: 62
2026-05-18 18:29:41.450 [TestNG-PoolService-3] INFO  com.hackathonProject.listeners.CucumberListener -    ✓ STEP PASSED: the user opens the language filter dropdown
2026-05-18 18:29:41.453 [TestNG-PoolService-3] INFO  com.hackathonProject.stepdefinitions.LanguageLearningSteps - STEP: Verifying languages were captured
2026-05-18 18:29:41.460 [TestNG-PoolService-3] INFO  com.hackathonProject.stepdefinitions.LanguageLearningSteps - 
===== LANGUAGES EXTRACTED =====
  English                   → 9690 courses
  Spanish                   → 4330 courses
  Kazakh                    → 4293 courses
  French                    → 4229 courses
  Arabic                    → 4133 courses
  German                    → 4113 courses
  Portuguese                → 3005 courses
  Indonesian                → 2958 courses
  Chinese                   → 2797 courses
  Hungarian                 → 2684 courses
  Russian                   → 2660 courses
  Japanese                  → 2656 courses
  Korean                    → 2639 courses
  Hindi                     → 2564 courses
  Italian                   → 2555 courses
  Turkish                   → 2509 courses
  Thai                      → 2474 courses
  Ukrainian                 → 2455 courses
  Dutch                     → 2443 courses
  Greek                     → 2441 courses
  Polish                    → 2441 courses
  Swedish                   → 2422 courses
  Uzbek                     → 1925 courses
  Pushto                    → 1806 courses
  Vietnamese                → 1806 courses
  Azerbaijani               → 1593 courses
  Urdu                      → 1351 courses
  Bengali                   → 1343 courses
  Oriya                     → 233 courses
  Malay                     → 189 courses
  Haitian (Haitian Creole)  → 90 courses
  Persian                   → 62 courses
  Khmer                     → 37 courses
  Romanian                  → 31 courses
  Hebrew                    → 29 courses
  Serbian                   → 23 courses
  Afrikaans                 → 19 courses
  Javanese                  → 17 courses
  Finnish                   → 16 courses
  Tamil                     → 15 courses
  Catalan                   → 13 courses
  Slovak                    → 10 courses
  Czech                     → 9 courses
  Estonian                  → 9 courses
  Mongolian                 → 8 courses
  Albanian                  → 5 courses
  Georgian                  → 5 courses
  Telugu                    → 5 courses
  Croatian                  → 4 courses
  Bulgarian                 → 3 courses
  Lithuanian                → 3 courses
  Burmese                   → 2 courses
  Latvian                   → 2 courses
  Marathi                   → 2 courses
  Nepali                    → 2 courses
  Danish                    → 1 courses
  Kinyarwanda               → 1 courses
  Macedonian                → 1 courses
  Malayalam                 → 1 courses
  Slovenian                 → 1 courses
  Swahili                   → 1 courses
  Tagalog                   → 1 courses
================================
2026-05-18 18:29:41.461 [TestNG-PoolService-3] INFO  com.hackathonProject.listeners.CucumberListener -    ✓ STEP PASSED: all available languages with their counts should be captured and displayed
2026-05-18 18:29:41.462 [TestNG-PoolService-3] INFO  com.hackathonProject.stepdefinitions.LanguageLearningSteps - STEP: Opening Level filter dropdown
2026-05-18 18:29:41.462 [TestNG-PoolService-3] INFO  com.hackathonProject.pages.LanguageCoursesPage - Extracting all level filter options
2026-05-18 18:29:43.063 [TestNG-PoolService-2] INFO  com.hackathonProject.pages.CampusPage - Form filled successfully
2026-05-18 18:29:43.409 [TestNG-PoolService-2] INFO  com.hackathonProject.utils.ScreenshotUtil - Screenshot saved: C:\Users\2485858\Downloads\Coursera_Hackathon_Project (1)\CourseraAutomation\screenshots\FormFilledWithInvalidEmail_2026-05-18_18-29-43.png
2026-05-18 18:29:43.425 [TestNG-PoolService-2] INFO  com.hackathonProject.listeners.CucumberListener -    ✓ STEP PASSED: the user fills the contact form with the following details:
2026-05-18 18:29:43.448 [TestNG-PoolService-2] INFO  com.hackathonProject.stepdefinitions.EnterpriseFormSteps - STEP: Checking for email validation error message
2026-05-18 18:29:43.737 [TestNG-PoolService-2] INFO  com.hackathonProject.pages.CampusPage - Submit clicked
2026-05-18 18:29:45.759 [TestNG-PoolService-2] INFO  com.hackathonProject.pages.CampusPage - Capturing email error message
2026-05-18 18:29:45.936 [TestNG-PoolService-2] INFO  com.hackathonProject.pages.CampusPage - Error: Must be valid email.
example@yourdomain.com
2026-05-18 18:29:45.936 [TestNG-PoolService-2] INFO  com.hackathonProject.stepdefinitions.EnterpriseFormSteps - Captured error message: Must be valid email.
example@yourdomain.com
2026-05-18 18:29:46.227 [TestNG-PoolService-2] INFO  com.hackathonProject.utils.ScreenshotUtil - Screenshot saved: C:\Users\2485858\Downloads\Coursera_Hackathon_Project (1)\CourseraAutomation\screenshots\EmailValidationError_2026-05-18_18-29-46.png
2026-05-18 18:29:46.237 [TestNG-PoolService-2] INFO  com.hackathonProject.listeners.CucumberListener -    ✓ STEP PASSED: an email validation error message should be displayed
2026-05-18 18:29:46.239 [TestNG-PoolService-2] INFO  com.hackathonProject.stepdefinitions.EnterpriseFormSteps - STEP: Asserting error message contains: valid email
2026-05-18 18:29:46.250 [TestNG-PoolService-2] INFO  com.hackathonProject.stepdefinitions.EnterpriseFormSteps - Assertion PASSED (exact match): Must be valid email.
example@yourdomain.com
2026-05-18 18:29:46.256 [TestNG-PoolService-2] INFO  com.hackathonProject.listeners.CucumberListener -    ✓ STEP PASSED: the error message should contain "valid email"
2026-05-18 18:29:46.262 [TestNG-PoolService-2] INFO  com.hackathonProject.hooks.CucumberHooks - ====== SCENARIO FINISHED: Verify email validation error on business contact form | Status: PASSED ======
2026-05-18 18:29:46.275 [TestNG-PoolService-2] INFO  com.hackathonProject.base.BaseClass - Quitting edge browser and removing from ThreadLocal
2026-05-18 18:29:52.307 [TestNG-PoolService-2] INFO  com.hackathonProject.hooks.CucumberHooks - Browser closed. Scenario teardown complete.
2026-05-18 18:29:52.431 [TestNG-PoolService-2] INFO  com.hackathonProject.listeners.CucumberListener - ■ SCENARIO PASSED: [Verify email validation error on business contact form] in 71.68s
2026-05-18 18:30:08.767 [TestNG-PoolService-3] INFO  com.hackathonProject.utils.JavaScriptUtil - JavaScript click performed on element
2026-05-18 18:30:08.767 [TestNG-PoolService-3] INFO  com.hackathonProject.pages.LanguageCoursesPage - Clicked 'Level' section
2026-05-18 18:30:09.509 [TestNG-PoolService-1] INFO  com.hackathonProject.pages.HomePage - Search submitted. URL: https://www.coursera.org/search?query=web%20development%20courses%20for%20beginners
2026-05-18 18:30:09.510 [TestNG-PoolService-1] INFO  com.hackathonProject.listeners.CucumberListener -    ✓ STEP PASSED: the user searches for "web development courses for beginners"
2026-05-18 18:30:09.511 [TestNG-PoolService-1] INFO  com.hackathonProject.stepdefinitions.CourseSearchSteps - STEP: Verifying search results page
2026-05-18 18:30:09.521 [TestNG-PoolService-1] INFO  com.hackathonProject.stepdefinitions.CourseSearchSteps - Search results page verified. URL: https://www.coursera.org/search?query=web%20development%20courses%20for%20beginners
2026-05-18 18:30:09.522 [TestNG-PoolService-1] INFO  com.hackathonProject.listeners.CucumberListener -    ✓ STEP PASSED: the search results page should be displayed
2026-05-18 18:30:09.523 [TestNG-PoolService-1] INFO  com.hackathonProject.stepdefinitions.CourseSearchSteps - STEP: Applying language filter: English
2026-05-18 18:30:09.523 [TestNG-PoolService-1] INFO  com.hackathonProject.pages.SearchResultsPage - Applying language filter: English
2026-05-18 18:30:20.520 [TestNG-PoolService-3] INFO  com.hackathonProject.pages.LanguageCoursesPage - Level: Beginner → 4704
2026-05-18 18:30:20.520 [TestNG-PoolService-3] INFO  com.hackathonProject.pages.LanguageCoursesPage - Level: Intermediate → 4248
2026-05-18 18:30:20.520 [TestNG-PoolService-3] INFO  com.hackathonProject.pages.LanguageCoursesPage - Level: Advanced → 449
2026-05-18 18:30:20.521 [TestNG-PoolService-3] INFO  com.hackathonProject.pages.LanguageCoursesPage - Level: Mixed → 935
2026-05-18 18:30:20.521 [TestNG-PoolService-3] INFO  com.hackathonProject.pages.LanguageCoursesPage - Total levels: 4
2026-05-18 18:30:20.522 [TestNG-PoolService-3] INFO  com.hackathonProject.listeners.CucumberListener -    ✓ STEP PASSED: the user opens the level filter dropdown
2026-05-18 18:30:20.523 [TestNG-PoolService-3] INFO  com.hackathonProject.stepdefinitions.LanguageLearningSteps - STEP: Verifying levels were captured
2026-05-18 18:30:20.524 [TestNG-PoolService-3] INFO  com.hackathonProject.stepdefinitions.LanguageLearningSteps - 
===== LEVELS EXTRACTED =====
  Beginner                  → 4704 courses
  Intermediate              → 4248 courses
  Advanced                  → 449 courses
  Mixed                     → 935 courses
============================
2026-05-18 18:30:20.524 [TestNG-PoolService-3] INFO  com.hackathonProject.listeners.CucumberListener -    ✓ STEP PASSED: all available levels with their counts should be captured and displayed
2026-05-18 18:30:20.532 [TestNG-PoolService-3] INFO  com.hackathonProject.stepdefinitions.LanguageLearningSteps - STEP: Asserting language count >= 5
2026-05-18 18:30:20.535 [TestNG-PoolService-3] INFO  com.hackathonProject.stepdefinitions.LanguageLearningSteps - Language count: 62 >= 5
2026-05-18 18:30:20.536 [TestNG-PoolService-3] INFO  com.hackathonProject.listeners.CucumberListener -    ✓ STEP PASSED: the language list should contain at least 5 languages
2026-05-18 18:30:20.537 [TestNG-PoolService-3] INFO  com.hackathonProject.stepdefinitions.LanguageLearningSteps - STEP: Asserting level count >= 2
2026-05-18 18:30:20.538 [TestNG-PoolService-3] INFO  com.hackathonProject.stepdefinitions.LanguageLearningSteps - Level count: 4 >= 2
2026-05-18 18:30:20.539 [TestNG-PoolService-3] INFO  com.hackathonProject.listeners.CucumberListener -    ✓ STEP PASSED: the level list should contain at least 2 levels
2026-05-18 18:30:20.540 [TestNG-PoolService-3] INFO  com.hackathonProject.hooks.CucumberHooks - ====== SCENARIO FINISHED: Extract all languages and levels from Language Learning category | Status: PASSED ======
2026-05-18 18:30:20.540 [TestNG-PoolService-3] INFO  com.hackathonProject.base.BaseClass - Quitting edge browser and removing from ThreadLocal
2026-05-18 18:30:25.083 [TestNG-PoolService-3] INFO  com.hackathonProject.hooks.CucumberHooks - Browser closed. Scenario teardown complete.
2026-05-18 18:30:25.090 [TestNG-PoolService-3] INFO  com.hackathonProject.listeners.CucumberListener - ■ SCENARIO PASSED: [Extract all languages and levels from Language Learning category] in 104.46s
2026-05-18 18:30:33.668 [TestNG-PoolService-1] INFO  com.hackathonProject.listeners.CucumberListener -    ✓ STEP PASSED: the user applies the language filter "English"
2026-05-18 18:30:33.670 [TestNG-PoolService-1] INFO  com.hackathonProject.stepdefinitions.CourseSearchSteps - STEP: Applying level filter: Beginner
2026-05-18 18:30:33.670 [TestNG-PoolService-1] INFO  com.hackathonProject.pages.SearchResultsPage - Applying level filter: Beginner
2026-05-18 18:30:58.626 [TestNG-PoolService-1] INFO  com.hackathonProject.listeners.CucumberListener -    ✓ STEP PASSED: the user applies the level filter "Beginner"
2026-05-18 18:30:58.628 [TestNG-PoolService-1] INFO  com.hackathonProject.stepdefinitions.CourseSearchSteps - STEP: Extracting 5 courses
2026-05-18 18:30:58.628 [TestNG-PoolService-1] INFO  com.hackathonProject.pages.SearchResultsPage - Extracting top 5 courses
2026-05-18 18:31:18.746 [TestNG-PoolService-1] INFO  com.hackathonProject.utils.JavaScriptUtil - Scrolled by 800 pixels
2026-05-18 18:31:19.781 [TestNG-PoolService-1] INFO  com.hackathonProject.utils.JavaScriptUtil - Scrolled to top of page
2026-05-18 18:31:50.437 [TestNG-PoolService-1] INFO  com.hackathonProject.pages.SearchResultsPage - Found 11 course cards
2026-05-18 18:31:50.579 [TestNG-PoolService-1] INFO  com.hackathonProject.pages.SearchResultsPage - Extracted: 1. Web Development for Beginners | Rating: 4.7 | Hours: 3 - 6 Months
2026-05-18 18:31:50.667 [TestNG-PoolService-1] INFO  com.hackathonProject.pages.SearchResultsPage - Extracted: 2. Front-End Web Development for Beginners | Rating: 4.6 | Hours: 1 - 3 Months
2026-05-18 18:31:50.846 [TestNG-PoolService-1] INFO  com.hackathonProject.pages.SearchResultsPage - Extracted: 3. Introduction to Web Development with HTML, CSS, JavaScript | Rating: 4.6 | Hours: 1 - 3 Months
2026-05-18 18:31:50.938 [TestNG-PoolService-1] INFO  com.hackathonProject.pages.SearchResultsPage - Extracted: 4. Introduction to HTML, CSS, & JavaScript | Rating: 4.4 | Hours: 1 - 4 Weeks
2026-05-18 18:31:51.024 [TestNG-PoolService-1] INFO  com.hackathonProject.pages.SearchResultsPage - Extracted: 5. Introduction to Web Development | Rating: 4.7 | Hours: 1 - 4 Weeks
2026-05-18 18:31:51.025 [TestNG-PoolService-1] INFO  com.hackathonProject.pages.SearchResultsPage - Total extracted: 5
2026-05-18 18:31:51.025 [TestNG-PoolService-1] INFO  com.hackathonProject.stepdefinitions.CourseSearchSteps - Course: 1. Web Development for Beginners | Rating: 4.7 | Hours: 3 - 6 Months
2026-05-18 18:31:51.026 [TestNG-PoolService-1] INFO  com.hackathonProject.stepdefinitions.CourseSearchSteps - Course: 2. Front-End Web Development for Beginners | Rating: 4.6 | Hours: 1 - 3 Months
2026-05-18 18:31:51.026 [TestNG-PoolService-1] INFO  com.hackathonProject.stepdefinitions.CourseSearchSteps - Course: 3. Introduction to Web Development with HTML, CSS, JavaScript | Rating: 4.6 | Hours: 1 - 3 Months
2026-05-18 18:31:51.026 [TestNG-PoolService-1] INFO  com.hackathonProject.stepdefinitions.CourseSearchSteps - Course: 4. Introduction to HTML, CSS, & JavaScript | Rating: 4.4 | Hours: 1 - 4 Weeks
2026-05-18 18:31:51.026 [TestNG-PoolService-1] INFO  com.hackathonProject.stepdefinitions.CourseSearchSteps - Course: 5. Introduction to Web Development | Rating: 4.7 | Hours: 1 - 4 Weeks
2026-05-18 18:31:51.026 [TestNG-PoolService-1] INFO  com.hackathonProject.stepdefinitions.CourseSearchSteps - Extraction complete. Got 5 courses.
2026-05-18 18:31:51.027 [TestNG-PoolService-1] INFO  com.hackathonProject.listeners.CucumberListener -    ✓ STEP PASSED: the user extracts the first 5 courses with name, hours and rating
2026-05-18 18:31:51.028 [TestNG-PoolService-1] INFO  com.hackathonProject.stepdefinitions.CourseSearchSteps - STEP: Saving course data to Excel
2026-05-18 18:31:51.029 [TestNG-PoolService-1] INFO  com.hackathonProject.pages.SearchResultsPage - Saving 5 courses to Excel: src/test/resources/testdata/CourseData.xlsx
2026-05-18 18:31:51.085 [TestNG-PoolService-1] INFO  com.hackathonProject.utils.ExcelDataWriter - Writing 5 courses to Excel: src/test/resources/testdata/CourseData.xlsx
2026-05-18 18:31:52.519 [TestNG-PoolService-1] INFO  com.hackathonProject.utils.ExcelDataWriter - Excel file saved: src/test/resources/testdata/CourseData.xlsx
2026-05-18 18:31:52.530 [TestNG-PoolService-1] INFO  com.hackathonProject.stepdefinitions.CourseSearchSteps - Excel saved successfully: src/test/resources/testdata/CourseData.xlsx
2026-05-18 18:31:52.531 [TestNG-PoolService-1] INFO  com.hackathonProject.listeners.CucumberListener -    ✓ STEP PASSED: the course data is saved to an Excel file
2026-05-18 18:31:52.532 [TestNG-PoolService-1] INFO  com.hackathonProject.stepdefinitions.CourseSearchSteps - STEP: Asserting first course name is not empty
2026-05-18 18:31:52.533 [TestNG-PoolService-1] INFO  com.hackathonProject.stepdefinitions.CourseSearchSteps - First course name: Web Development for Beginners
2026-05-18 18:31:52.534 [TestNG-PoolService-1] INFO  com.hackathonProject.listeners.CucumberListener -    ✓ STEP PASSED: the first course name should not be empty
2026-05-18 18:31:52.536 [TestNG-PoolService-1] INFO  com.hackathonProject.hooks.CucumberHooks - ====== SCENARIO FINISHED: Search web development courses for beginners in English and save to Excel | Status: PASSED ======
2026-05-18 18:31:52.536 [TestNG-PoolService-1] INFO  com.hackathonProject.base.BaseClass - Quitting edge browser and removing from ThreadLocal
2026-05-18 18:32:00.876 [TestNG-PoolService-1] INFO  com.hackathonProject.hooks.CucumberHooks - Browser closed. Scenario teardown complete.
2026-05-18 18:32:00.881 [TestNG-PoolService-1] INFO  com.hackathonProject.listeners.CucumberListener - ■ SCENARIO PASSED: [Search web development courses for beginners in English and save to Excel] in 200.25s
2026-05-18 18:32:01.283 [main] INFO  com.hackathonProject.listeners.CucumberListener - ========================================
2026-05-18 18:32:01.285 [main] INFO  com.hackathonProject.listeners.CucumberListener -   CUCUMBER TEST RUN FINISHED
2026-05-18 18:32:01.285 [main] INFO  com.hackathonProject.listeners.CucumberListener - ========================================
2026-05-18 18:32:01.393 [main] INFO  com.hackathonProject.utils.ExtentReportManager - Extent Reports flushed to disk
2026-05-18 18:32:01.394 [main] INFO  com.hackathonProject.listeners.CucumberListener - Extent Reports flushed successfully
2026-05-18 18:33:17.886 [TestNG-PoolService-1] INFO  com.hackathonProject.listeners.CucumberListener - ▶ SCENARIO STARTED: [Search web development courses for beginners in English and save to Excel] in [file:///C:/Users/2485858/Downloads/Coursera_Hackathon_Project%20(1)/CourseraAutomation/src/test/resources/features/CourseSearch.feature]
2026-05-18 18:33:17.900 [TestNG-PoolService-2] INFO  com.hackathonProject.listeners.CucumberListener - ▶ SCENARIO STARTED: [Verify email validation error on business contact form] in [file:///C:/Users/2485858/Downloads/Coursera_Hackathon_Project%20(1)/CourseraAutomation/src/test/resources/features/EnterpriseForm.feature]
2026-05-18 18:33:17.906 [TestNG-PoolService-3] INFO  com.hackathonProject.listeners.CucumberListener - ▶ SCENARIO STARTED: [Extract all languages and levels from Language Learning category] in [file:///C:/Users/2485858/Downloads/Coursera_Hackathon_Project%20(1)/CourseraAutomation/src/test/resources/features/LanguageLearning.feature]
2026-05-18 18:33:17.911 [TestNG-PoolService-2] INFO  com.hackathonProject.hooks.CucumberHooks - ====== SCENARIO STARTED: Verify email validation error on business contact form ======
2026-05-18 18:33:17.911 [TestNG-PoolService-3] INFO  com.hackathonProject.hooks.CucumberHooks - ====== SCENARIO STARTED: Extract all languages and levels from Language Learning category ======
2026-05-18 18:33:17.911 [TestNG-PoolService-1] INFO  com.hackathonProject.hooks.CucumberHooks - ====== SCENARIO STARTED: Search web development courses for beginners in English and save to Excel ======
2026-05-18 18:33:17.912 [TestNG-PoolService-3] INFO  com.hackathonProject.hooks.CucumberHooks - Tags: [@LanguageLearning, @Smoke, @LanguageLearning]
2026-05-18 18:33:17.912 [TestNG-PoolService-1] INFO  com.hackathonProject.hooks.CucumberHooks - Tags: [@CourseSearch, @Smoke, @CourseSearch]
2026-05-18 18:33:17.912 [TestNG-PoolService-2] INFO  com.hackathonProject.hooks.CucumberHooks - Tags: [@EnterpriseForm, @Smoke, @EnterpriseForm]
2026-05-18 18:33:17.958 [TestNG-PoolService-2] INFO  com.hackathonProject.utils.ConfigReader - config.properties loaded successfully
2026-05-18 18:33:17.959 [TestNG-PoolService-2] INFO  com.hackathonProject.base.BaseClass - Launching browser: edge
2026-05-18 18:33:17.959 [TestNG-PoolService-3] INFO  com.hackathonProject.base.BaseClass - Launching browser: edge
2026-05-18 18:33:17.959 [TestNG-PoolService-1] INFO  com.hackathonProject.base.BaseClass - Launching browser: edge
2026-05-18 18:33:24.651 [TestNG-PoolService-3] INFO  com.hackathonProject.base.BaseClass - Edge browser launched (via Selenium Manager)
2026-05-18 18:33:24.651 [TestNG-PoolService-1] INFO  com.hackathonProject.base.BaseClass - Edge browser launched (via Selenium Manager)
2026-05-18 18:33:24.651 [TestNG-PoolService-2] INFO  com.hackathonProject.base.BaseClass - Edge browser launched (via Selenium Manager)
2026-05-18 18:33:24.666 [TestNG-PoolService-1] INFO  com.hackathonProject.base.BaseClass - WebDriver [edge] created and stored in ThreadLocal
2026-05-18 18:33:24.668 [TestNG-PoolService-3] INFO  com.hackathonProject.base.BaseClass - WebDriver [edge] created and stored in ThreadLocal
2026-05-18 18:33:24.668 [TestNG-PoolService-2] INFO  com.hackathonProject.base.BaseClass - WebDriver [edge] created and stored in ThreadLocal
2026-05-18 18:33:24.675 [TestNG-PoolService-3] INFO  com.hackathonProject.utils.ExtentReportManager - ExtentReports initialised at: reports/extent/ExtentReport.html
2026-05-18 18:33:24.684 [TestNG-PoolService-1] INFO  com.hackathonProject.hooks.CucumberHooks - Browser launched successfully
2026-05-18 18:33:24.684 [TestNG-PoolService-2] INFO  com.hackathonProject.hooks.CucumberHooks - Browser launched successfully
2026-05-18 18:33:24.684 [TestNG-PoolService-3] INFO  com.hackathonProject.hooks.CucumberHooks - Browser launched successfully
2026-05-18 18:33:24.769 [TestNG-PoolService-3] INFO  com.hackathonProject.stepdefinitions.LanguageLearningSteps - STEP: Navigating to Language Learning category
2026-05-18 18:33:24.769 [TestNG-PoolService-2] INFO  com.hackathonProject.stepdefinitions.EnterpriseFormSteps - STEP: Navigating to Coursera For Business page
2026-05-18 18:33:24.769 [TestNG-PoolService-1] INFO  com.hackathonProject.stepdefinitions.CourseSearchSteps - STEP: Opening Coursera home page
2026-05-18 18:33:24.770 [TestNG-PoolService-1] INFO  com.hackathonProject.pages.HomePage - Navigating to: https://www.coursera.org
2026-05-18 18:33:41.887 [TestNG-PoolService-1] INFO  com.hackathonProject.stepdefinitions.CourseSearchSteps - Home page opened successfully
2026-05-18 18:33:41.895 [TestNG-PoolService-1] INFO  com.hackathonProject.listeners.CucumberListener -    ✓ STEP PASSED: the user is on the Coursera home page
2026-05-18 18:33:41.898 [TestNG-PoolService-1] INFO  com.hackathonProject.stepdefinitions.CourseSearchSteps - STEP: Searching for: web development courses for beginners
2026-05-18 18:33:41.899 [TestNG-PoolService-1] INFO  com.hackathonProject.pages.HomePage - Searching for: web development courses for beginners
2026-05-18 18:33:49.764 [TestNG-PoolService-3] INFO  com.hackathonProject.listeners.CucumberListener -    ✓ STEP PASSED: the user navigates to the Language Learning category
2026-05-18 18:33:49.765 [TestNG-PoolService-3] INFO  com.hackathonProject.stepdefinitions.LanguageLearningSteps - STEP: Opening Language filter dropdown
2026-05-18 18:33:49.765 [TestNG-PoolService-3] INFO  com.hackathonProject.pages.LanguageCoursesPage - Extracting all language filter options
2026-05-18 18:33:50.653 [TestNG-PoolService-3] INFO  com.hackathonProject.utils.JavaScriptUtil - JavaScript click performed on element
2026-05-18 18:33:50.653 [TestNG-PoolService-3] INFO  com.hackathonProject.pages.LanguageCoursesPage - Clicked 'Language' section
2026-05-18 18:33:54.683 [TestNG-PoolService-2] INFO  com.hackathonProject.listeners.CucumberListener -    ✓ STEP PASSED: the user navigates to the Coursera For Business page
2026-05-18 18:33:54.685 [TestNG-PoolService-2] INFO  com.hackathonProject.stepdefinitions.EnterpriseFormSteps - STEP: Clicking Contact Sales / scrolling to form
2026-05-18 18:33:54.685 [TestNG-PoolService-2] INFO  com.hackathonProject.pages.CampusPage - Navigating to form
2026-05-18 18:34:15.157 [TestNG-PoolService-2] INFO  com.hackathonProject.utils.JavaScriptUtil - Scrolled by 600 pixels
2026-05-18 18:34:15.194 [TestNG-PoolService-2] INFO  com.hackathonProject.pages.CampusPage - Marketo form found
2026-05-18 18:34:15.195 [TestNG-PoolService-2] INFO  com.hackathonProject.listeners.CucumberListener -    ✓ STEP PASSED: the user clicks on Contact Sales
2026-05-18 18:34:15.206 [TestNG-PoolService-2] INFO  com.hackathonProject.stepdefinitions.EnterpriseFormSteps - STEP: Filling contact form with DataTable values
2026-05-18 18:34:15.209 [TestNG-PoolService-2] INFO  com.hackathonProject.stepdefinitions.EnterpriseFormSteps - Form data: {firstName=Srijita, lastName=Baksi, email=srijitacogniznat.com, phone=9775985472}
2026-05-18 18:34:15.209 [TestNG-PoolService-2] INFO  com.hackathonProject.pages.CampusPage - Filling form with invalid email: srijitacogniznat.com
2026-05-18 18:34:16.155 [TestNG-PoolService-3] INFO  com.hackathonProject.pages.LanguageCoursesPage - Total languages: 62
2026-05-18 18:34:16.156 [TestNG-PoolService-3] INFO  com.hackathonProject.listeners.CucumberListener -    ✓ STEP PASSED: the user opens the language filter dropdown
2026-05-18 18:34:16.158 [TestNG-PoolService-3] INFO  com.hackathonProject.stepdefinitions.LanguageLearningSteps - STEP: Verifying languages were captured
2026-05-18 18:34:16.164 [TestNG-PoolService-3] INFO  com.hackathonProject.stepdefinitions.LanguageLearningSteps - 
===== LANGUAGES EXTRACTED =====
  English                   → 9690 courses
  Spanish                   → 4330 courses
  Kazakh                    → 4293 courses
  French                    → 4229 courses
  Arabic                    → 4133 courses
  German                    → 4113 courses
  Portuguese                → 3005 courses
  Indonesian                → 2958 courses
  Chinese                   → 2797 courses
  Hungarian                 → 2684 courses
  Russian                   → 2660 courses
  Japanese                  → 2656 courses
  Korean                    → 2639 courses
  Hindi                     → 2564 courses
  Italian                   → 2555 courses
  Turkish                   → 2509 courses
  Thai                      → 2474 courses
  Ukrainian                 → 2455 courses
  Dutch                     → 2443 courses
  Greek                     → 2441 courses
  Polish                    → 2441 courses
  Swedish                   → 2422 courses
  Uzbek                     → 1925 courses
  Pushto                    → 1806 courses
  Vietnamese                → 1806 courses
  Azerbaijani               → 1593 courses
  Urdu                      → 1351 courses
  Bengali                   → 1343 courses
  Oriya                     → 233 courses
  Malay                     → 189 courses
  Haitian (Haitian Creole)  → 90 courses
  Persian                   → 62 courses
  Khmer                     → 37 courses
  Romanian                  → 31 courses
  Hebrew                    → 29 courses
  Serbian                   → 23 courses
  Afrikaans                 → 19 courses
  Javanese                  → 17 courses
  Finnish                   → 16 courses
  Tamil                     → 15 courses
  Catalan                   → 13 courses
  Slovak                    → 10 courses
  Czech                     → 9 courses
  Estonian                  → 9 courses
  Mongolian                 → 8 courses
  Albanian                  → 5 courses
  Georgian                  → 5 courses
  Telugu                    → 5 courses
  Croatian                  → 4 courses
  Bulgarian                 → 3 courses
  Lithuanian                → 3 courses
  Burmese                   → 2 courses
  Latvian                   → 2 courses
  Marathi                   → 2 courses
  Nepali                    → 2 courses
  Danish                    → 1 courses
  Kinyarwanda               → 1 courses
  Macedonian                → 1 courses
  Malayalam                 → 1 courses
  Slovenian                 → 1 courses
  Swahili                   → 1 courses
  Tagalog                   → 1 courses
================================
2026-05-18 18:34:16.165 [TestNG-PoolService-3] INFO  com.hackathonProject.listeners.CucumberListener -    ✓ STEP PASSED: all available languages with their counts should be captured and displayed
2026-05-18 18:34:16.166 [TestNG-PoolService-3] INFO  com.hackathonProject.stepdefinitions.LanguageLearningSteps - STEP: Opening Level filter dropdown
2026-05-18 18:34:16.166 [TestNG-PoolService-3] INFO  com.hackathonProject.pages.LanguageCoursesPage - Extracting all level filter options
2026-05-18 18:34:16.530 [TestNG-PoolService-2] INFO  com.hackathonProject.pages.CampusPage - Entered First Name: Srijita
2026-05-18 18:34:16.905 [TestNG-PoolService-2] INFO  com.hackathonProject.pages.CampusPage - Entered Last Name: Baksi
2026-05-18 18:34:17.168 [TestNG-PoolService-2] INFO  com.hackathonProject.pages.CampusPage - Entered Phone: 9775985472
2026-05-18 18:34:17.434 [TestNG-PoolService-2] INFO  com.hackathonProject.pages.CampusPage - Entered invalid email: srijitacogniznat.com
2026-05-18 18:34:19.461 [TestNG-PoolService-1] INFO  com.hackathonProject.pages.HomePage - Search submitted. URL: https://www.coursera.org/search?query=web%20development%20courses%20for%20beginners
2026-05-18 18:34:19.462 [TestNG-PoolService-1] INFO  com.hackathonProject.listeners.CucumberListener -    ✓ STEP PASSED: the user searches for "web development courses for beginners"
2026-05-18 18:34:19.463 [TestNG-PoolService-1] INFO  com.hackathonProject.stepdefinitions.CourseSearchSteps - STEP: Verifying search results page
2026-05-18 18:34:19.474 [TestNG-PoolService-1] INFO  com.hackathonProject.stepdefinitions.CourseSearchSteps - Search results page verified. URL: https://www.coursera.org/search?query=web%20development%20courses%20for%20beginners
2026-05-18 18:34:19.475 [TestNG-PoolService-1] INFO  com.hackathonProject.listeners.CucumberListener -    ✓ STEP PASSED: the search results page should be displayed
2026-05-18 18:34:19.478 [TestNG-PoolService-1] INFO  com.hackathonProject.stepdefinitions.CourseSearchSteps - STEP: Applying language filter: English
2026-05-18 18:34:19.479 [TestNG-PoolService-1] INFO  com.hackathonProject.pages.SearchResultsPage - Applying language filter: English
2026-05-18 18:34:27.563 [TestNG-PoolService-2] INFO  com.hackathonProject.pages.CampusPage - Form filled successfully
2026-05-18 18:34:27.851 [TestNG-PoolService-2] INFO  com.hackathonProject.utils.ScreenshotUtil - Screenshot saved: C:\Users\2485858\Downloads\Coursera_Hackathon_Project (1)\CourseraAutomation\screenshots\FormFilledWithInvalidEmail_2026-05-18_18-34-27.png
2026-05-18 18:34:27.863 [TestNG-PoolService-2] INFO  com.hackathonProject.listeners.CucumberListener -    ✓ STEP PASSED: the user fills the contact form with the following details:
2026-05-18 18:34:27.865 [TestNG-PoolService-2] INFO  com.hackathonProject.stepdefinitions.EnterpriseFormSteps - STEP: Checking for email validation error message
2026-05-18 18:34:27.993 [TestNG-PoolService-2] INFO  com.hackathonProject.pages.CampusPage - Submit clicked
2026-05-18 18:34:30.005 [TestNG-PoolService-2] INFO  com.hackathonProject.pages.CampusPage - Capturing email error message
2026-05-18 18:34:30.090 [TestNG-PoolService-2] INFO  com.hackathonProject.pages.CampusPage - Error: Must be valid email.
example@yourdomain.com
2026-05-18 18:34:30.091 [TestNG-PoolService-2] INFO  com.hackathonProject.stepdefinitions.EnterpriseFormSteps - Captured error message: Must be valid email.
example@yourdomain.com
2026-05-18 18:34:30.281 [TestNG-PoolService-2] INFO  com.hackathonProject.utils.ScreenshotUtil - Screenshot saved: C:\Users\2485858\Downloads\Coursera_Hackathon_Project (1)\CourseraAutomation\screenshots\EmailValidationError_2026-05-18_18-34-30.png
2026-05-18 18:34:30.285 [TestNG-PoolService-2] INFO  com.hackathonProject.listeners.CucumberListener -    ✓ STEP PASSED: an email validation error message should be displayed
2026-05-18 18:34:30.287 [TestNG-PoolService-2] INFO  com.hackathonProject.stepdefinitions.EnterpriseFormSteps - STEP: Asserting error message contains: valid email
2026-05-18 18:34:30.287 [TestNG-PoolService-2] INFO  com.hackathonProject.stepdefinitions.EnterpriseFormSteps - Assertion PASSED (exact match): Must be valid email.
example@yourdomain.com
2026-05-18 18:34:30.290 [TestNG-PoolService-2] INFO  com.hackathonProject.listeners.CucumberListener -    ✓ STEP PASSED: the error message should contain "valid email"
2026-05-18 18:34:30.298 [TestNG-PoolService-2] INFO  com.hackathonProject.hooks.CucumberHooks - ====== SCENARIO FINISHED: Verify email validation error on business contact form | Status: PASSED ======
2026-05-18 18:34:30.301 [TestNG-PoolService-2] INFO  com.hackathonProject.base.BaseClass - Quitting edge browser and removing from ThreadLocal
2026-05-18 18:34:34.356 [TestNG-PoolService-2] INFO  com.hackathonProject.hooks.CucumberHooks - Browser closed. Scenario teardown complete.
2026-05-18 18:34:34.439 [TestNG-PoolService-2] INFO  com.hackathonProject.listeners.CucumberListener - ■ SCENARIO PASSED: [Verify email validation error on business contact form] in 76.64s
2026-05-18 18:34:42.148 [TestNG-PoolService-3] INFO  com.hackathonProject.utils.JavaScriptUtil - JavaScript click performed on element
2026-05-18 18:34:42.149 [TestNG-PoolService-3] INFO  com.hackathonProject.pages.LanguageCoursesPage - Clicked 'Level' section
2026-05-18 18:34:45.124 [TestNG-PoolService-1] INFO  com.hackathonProject.listeners.CucumberListener -    ✓ STEP PASSED: the user applies the language filter "English"
2026-05-18 18:34:45.125 [TestNG-PoolService-1] INFO  com.hackathonProject.stepdefinitions.CourseSearchSteps - STEP: Applying level filter: Beginner
2026-05-18 18:34:45.125 [TestNG-PoolService-1] INFO  com.hackathonProject.pages.SearchResultsPage - Applying level filter: Beginner
2026-05-18 18:34:53.888 [TestNG-PoolService-3] INFO  com.hackathonProject.pages.LanguageCoursesPage - Level: Beginner → 4704
2026-05-18 18:34:53.888 [TestNG-PoolService-3] INFO  com.hackathonProject.pages.LanguageCoursesPage - Level: Intermediate → 4248
2026-05-18 18:34:53.888 [TestNG-PoolService-3] INFO  com.hackathonProject.pages.LanguageCoursesPage - Level: Advanced → 449
2026-05-18 18:34:53.889 [TestNG-PoolService-3] INFO  com.hackathonProject.pages.LanguageCoursesPage - Level: Mixed → 935
2026-05-18 18:34:53.889 [TestNG-PoolService-3] INFO  com.hackathonProject.pages.LanguageCoursesPage - Total levels: 4
2026-05-18 18:34:53.890 [TestNG-PoolService-3] INFO  com.hackathonProject.listeners.CucumberListener -    ✓ STEP PASSED: the user opens the level filter dropdown
2026-05-18 18:34:53.892 [TestNG-PoolService-3] INFO  com.hackathonProject.stepdefinitions.LanguageLearningSteps - STEP: Verifying levels were captured
2026-05-18 18:34:53.893 [TestNG-PoolService-3] INFO  com.hackathonProject.stepdefinitions.LanguageLearningSteps - 
===== LEVELS EXTRACTED =====
  Beginner                  → 4704 courses
  Intermediate              → 4248 courses
  Advanced                  → 449 courses
  Mixed                     → 935 courses
============================
2026-05-18 18:34:53.894 [TestNG-PoolService-3] INFO  com.hackathonProject.listeners.CucumberListener -    ✓ STEP PASSED: all available levels with their counts should be captured and displayed
2026-05-18 18:34:53.898 [TestNG-PoolService-3] INFO  com.hackathonProject.stepdefinitions.LanguageLearningSteps - STEP: Asserting language count >= 5
2026-05-18 18:34:53.900 [TestNG-PoolService-3] INFO  com.hackathonProject.stepdefinitions.LanguageLearningSteps - Language count: 62 >= 5
2026-05-18 18:34:53.902 [TestNG-PoolService-3] INFO  com.hackathonProject.listeners.CucumberListener -    ✓ STEP PASSED: the language list should contain at least 5 languages
2026-05-18 18:34:53.903 [TestNG-PoolService-3] INFO  com.hackathonProject.stepdefinitions.LanguageLearningSteps - STEP: Asserting level count >= 2
2026-05-18 18:34:53.903 [TestNG-PoolService-3] INFO  com.hackathonProject.stepdefinitions.LanguageLearningSteps - Level count: 4 >= 2
2026-05-18 18:34:53.904 [TestNG-PoolService-3] INFO  com.hackathonProject.listeners.CucumberListener -    ✓ STEP PASSED: the level list should contain at least 2 levels
2026-05-18 18:34:53.904 [TestNG-PoolService-3] INFO  com.hackathonProject.hooks.CucumberHooks - ====== SCENARIO FINISHED: Extract all languages and levels from Language Learning category | Status: PASSED ======
2026-05-18 18:34:53.904 [TestNG-PoolService-3] INFO  com.hackathonProject.base.BaseClass - Quitting edge browser and removing from ThreadLocal
2026-05-18 18:34:58.035 [TestNG-PoolService-3] INFO  com.hackathonProject.hooks.CucumberHooks - Browser closed. Scenario teardown complete.
2026-05-18 18:34:58.040 [TestNG-PoolService-3] INFO  com.hackathonProject.listeners.CucumberListener - ■ SCENARIO PASSED: [Extract all languages and levels from Language Learning category] in 100.32s
2026-05-18 18:35:09.631 [TestNG-PoolService-1] INFO  com.hackathonProject.listeners.CucumberListener -    ✓ STEP PASSED: the user applies the level filter "Beginner"
2026-05-18 18:35:09.634 [TestNG-PoolService-1] INFO  com.hackathonProject.stepdefinitions.CourseSearchSteps - STEP: Extracting 5 courses
2026-05-18 18:35:09.635 [TestNG-PoolService-1] INFO  com.hackathonProject.pages.SearchResultsPage - Extracting top 5 courses
2026-05-18 18:35:29.776 [TestNG-PoolService-1] INFO  com.hackathonProject.utils.JavaScriptUtil - Scrolled by 800 pixels
2026-05-18 18:35:30.792 [TestNG-PoolService-1] INFO  com.hackathonProject.utils.JavaScriptUtil - Scrolled to top of page
2026-05-18 18:36:01.429 [TestNG-PoolService-1] INFO  com.hackathonProject.pages.SearchResultsPage - Found 11 course cards
2026-05-18 18:36:01.525 [TestNG-PoolService-1] INFO  com.hackathonProject.pages.SearchResultsPage - Extracted: 1. Web Development for Beginners | Rating: 4.7 | Hours: 3 - 6 Months
2026-05-18 18:36:01.597 [TestNG-PoolService-1] INFO  com.hackathonProject.pages.SearchResultsPage - Extracted: 2. Front-End Web Development for Beginners | Rating: 4.6 | Hours: 1 - 3 Months
2026-05-18 18:36:01.672 [TestNG-PoolService-1] INFO  com.hackathonProject.pages.SearchResultsPage - Extracted: 3. Introduction to Web Development with HTML, CSS, JavaScript | Rating: 4.6 | Hours: 1 - 3 Months
2026-05-18 18:36:01.748 [TestNG-PoolService-1] INFO  com.hackathonProject.pages.SearchResultsPage - Extracted: 4. Introduction to HTML, CSS, & JavaScript | Rating: 4.4 | Hours: 1 - 4 Weeks
2026-05-18 18:36:01.806 [TestNG-PoolService-1] INFO  com.hackathonProject.pages.SearchResultsPage - Extracted: 5. Introduction to Web Development | Rating: 4.7 | Hours: 1 - 4 Weeks
2026-05-18 18:36:01.806 [TestNG-PoolService-1] INFO  com.hackathonProject.pages.SearchResultsPage - Total extracted: 5
2026-05-18 18:36:01.807 [TestNG-PoolService-1] INFO  com.hackathonProject.stepdefinitions.CourseSearchSteps - Course: 1. Web Development for Beginners | Rating: 4.7 | Hours: 3 - 6 Months
2026-05-18 18:36:01.807 [TestNG-PoolService-1] INFO  com.hackathonProject.stepdefinitions.CourseSearchSteps - Course: 2. Front-End Web Development for Beginners | Rating: 4.6 | Hours: 1 - 3 Months
2026-05-18 18:36:01.807 [TestNG-PoolService-1] INFO  com.hackathonProject.stepdefinitions.CourseSearchSteps - Course: 3. Introduction to Web Development with HTML, CSS, JavaScript | Rating: 4.6 | Hours: 1 - 3 Months
2026-05-18 18:36:01.808 [TestNG-PoolService-1] INFO  com.hackathonProject.stepdefinitions.CourseSearchSteps - Course: 4. Introduction to HTML, CSS, & JavaScript | Rating: 4.4 | Hours: 1 - 4 Weeks
2026-05-18 18:36:01.808 [TestNG-PoolService-1] INFO  com.hackathonProject.stepdefinitions.CourseSearchSteps - Course: 5. Introduction to Web Development | Rating: 4.7 | Hours: 1 - 4 Weeks
2026-05-18 18:36:01.808 [TestNG-PoolService-1] INFO  com.hackathonProject.stepdefinitions.CourseSearchSteps - Extraction complete. Got 5 courses.
2026-05-18 18:36:01.809 [TestNG-PoolService-1] INFO  com.hackathonProject.listeners.CucumberListener -    ✓ STEP PASSED: the user extracts the first 5 courses with name, hours and rating
2026-05-18 18:36:01.812 [TestNG-PoolService-1] INFO  com.hackathonProject.stepdefinitions.CourseSearchSteps - STEP: Saving course data to Excel
2026-05-18 18:36:01.813 [TestNG-PoolService-1] INFO  com.hackathonProject.pages.SearchResultsPage - Saving 5 courses to Excel: src/test/resources/testdata/CourseData.xlsx
2026-05-18 18:36:01.854 [TestNG-PoolService-1] INFO  com.hackathonProject.utils.ExcelDataWriter - Writing 5 courses to Excel: src/test/resources/testdata/CourseData.xlsx
2026-05-18 18:36:02.874 [TestNG-PoolService-1] INFO  com.hackathonProject.utils.ExcelDataWriter - Excel file saved: src/test/resources/testdata/CourseData.xlsx
2026-05-18 18:36:02.883 [TestNG-PoolService-1] INFO  com.hackathonProject.stepdefinitions.CourseSearchSteps - Excel saved successfully: src/test/resources/testdata/CourseData.xlsx
2026-05-18 18:36:02.884 [TestNG-PoolService-1] INFO  com.hackathonProject.listeners.CucumberListener -    ✓ STEP PASSED: the course data is saved to an Excel file
2026-05-18 18:36:02.886 [TestNG-PoolService-1] INFO  com.hackathonProject.stepdefinitions.CourseSearchSteps - STEP: Asserting first course name is not empty
2026-05-18 18:36:02.886 [TestNG-PoolService-1] INFO  com.hackathonProject.stepdefinitions.CourseSearchSteps - First course name: Web Development for Beginners
2026-05-18 18:36:02.887 [TestNG-PoolService-1] INFO  com.hackathonProject.listeners.CucumberListener -    ✓ STEP PASSED: the first course name should not be empty
2026-05-18 18:36:02.887 [TestNG-PoolService-1] INFO  com.hackathonProject.hooks.CucumberHooks - ====== SCENARIO FINISHED: Search web development courses for beginners in English and save to Excel | Status: PASSED ======
2026-05-18 18:36:02.887 [TestNG-PoolService-1] INFO  com.hackathonProject.base.BaseClass - Quitting edge browser and removing from ThreadLocal
2026-05-18 18:36:07.256 [TestNG-PoolService-1] INFO  com.hackathonProject.hooks.CucumberHooks - Browser closed. Scenario teardown complete.
2026-05-18 18:36:07.260 [TestNG-PoolService-1] INFO  com.hackathonProject.listeners.CucumberListener - ■ SCENARIO PASSED: [Search web development courses for beginners in English and save to Excel] in 169.54s
2026-05-18 18:36:07.558 [main] INFO  com.hackathonProject.listeners.CucumberListener - ========================================
2026-05-18 18:36:07.558 [main] INFO  com.hackathonProject.listeners.CucumberListener -   CUCUMBER TEST RUN FINISHED
2026-05-18 18:36:07.558 [main] INFO  com.hackathonProject.listeners.CucumberListener - ========================================
2026-05-18 18:36:07.649 [main] INFO  com.hackathonProject.utils.ExtentReportManager - Extent Reports flushed to disk
2026-05-18 18:36:07.649 [main] INFO  com.hackathonProject.listeners.CucumberListener - Extent Reports flushed successfully
2026-05-18 22:55:32.776 [TestNG-PoolService-2] INFO  com.hackathonProject.listeners.CucumberListener - ▶ SCENARIO STARTED: [Verify email validation error on business contact form] in [file:///C:/Users/2485865/Downloads/CourseraAutomation_draft/CourseraAutomation/src/test/resources/features/EnterpriseForm.feature]
2026-05-18 22:55:32.823 [TestNG-PoolService-3] INFO  com.hackathonProject.listeners.CucumberListener - ▶ SCENARIO STARTED: [Extract all languages and levels from Language Learning category] in [file:///C:/Users/2485865/Downloads/CourseraAutomation_draft/CourseraAutomation/src/test/resources/features/LanguageLearning.feature]
2026-05-18 22:55:32.829 [TestNG-PoolService-1] INFO  com.hackathonProject.listeners.CucumberListener - ▶ SCENARIO STARTED: [Search web development courses for beginners in English and save to Excel] in [file:///C:/Users/2485865/Downloads/CourseraAutomation_draft/CourseraAutomation/src/test/resources/features/CourseSearch.feature]
2026-05-18 22:55:32.832 [TestNG-PoolService-2] INFO  com.hackathonProject.hooks.CucumberHooks - ====== SCENARIO STARTED: Verify email validation error on business contact form ======
2026-05-18 22:55:32.832 [TestNG-PoolService-3] INFO  com.hackathonProject.hooks.CucumberHooks - ====== SCENARIO STARTED: Extract all languages and levels from Language Learning category ======
2026-05-18 22:55:32.832 [TestNG-PoolService-1] INFO  com.hackathonProject.hooks.CucumberHooks - ====== SCENARIO STARTED: Search web development courses for beginners in English and save to Excel ======
2026-05-18 22:55:32.832 [TestNG-PoolService-2] INFO  com.hackathonProject.hooks.CucumberHooks - Tags: [@EnterpriseForm, @Smoke, @EnterpriseForm]
2026-05-18 22:55:32.832 [TestNG-PoolService-3] INFO  com.hackathonProject.hooks.CucumberHooks - Tags: [@LanguageLearning, @Smoke, @LanguageLearning]
2026-05-18 22:55:32.832 [TestNG-PoolService-1] INFO  com.hackathonProject.hooks.CucumberHooks - Tags: [@CourseSearch, @Smoke, @CourseSearch]
2026-05-18 22:55:32.837 [TestNG-PoolService-1] INFO  com.hackathonProject.utils.ConfigReader - config.properties loaded successfully
2026-05-18 22:55:32.837 [TestNG-PoolService-1] INFO  com.hackathonProject.base.BaseClass - Launching browser: edge
2026-05-18 22:55:32.837 [TestNG-PoolService-3] INFO  com.hackathonProject.base.BaseClass - Launching browser: edge
2026-05-18 22:55:32.837 [TestNG-PoolService-2] INFO  com.hackathonProject.base.BaseClass - Launching browser: edge
2026-05-18 22:55:37.589 [TestNG-PoolService-3] INFO  com.hackathonProject.base.BaseClass - Edge browser launched (via Selenium Manager)
2026-05-18 22:55:37.601 [TestNG-PoolService-1] INFO  com.hackathonProject.base.BaseClass - Edge browser launched (via Selenium Manager)
2026-05-18 22:55:37.615 [TestNG-PoolService-3] INFO  com.hackathonProject.base.BaseClass - WebDriver [edge] created and stored in ThreadLocal
2026-05-18 22:55:37.631 [TestNG-PoolService-3] INFO  com.hackathonProject.utils.ExtentReportManager - ExtentReports initialised at: reports/extent/ExtentReport.html
2026-05-18 22:55:37.642 [TestNG-PoolService-3] INFO  com.hackathonProject.hooks.CucumberHooks - Browser launched successfully
2026-05-18 22:55:37.757 [TestNG-PoolService-1] INFO  com.hackathonProject.base.BaseClass - WebDriver [edge] created and stored in ThreadLocal
2026-05-18 22:55:37.758 [TestNG-PoolService-1] INFO  com.hackathonProject.hooks.CucumberHooks - Browser launched successfully
2026-05-18 22:55:37.817 [TestNG-PoolService-2] INFO  com.hackathonProject.base.BaseClass - Edge browser launched (via Selenium Manager)
2026-05-18 22:55:37.840 [TestNG-PoolService-3] INFO  com.hackathonProject.stepdefinitions.LanguageLearningSteps - STEP: Navigating to Language Learning category
2026-05-18 22:55:37.842 [TestNG-PoolService-2] INFO  com.hackathonProject.base.BaseClass - WebDriver [edge] created and stored in ThreadLocal
2026-05-18 22:55:37.847 [TestNG-PoolService-2] INFO  com.hackathonProject.hooks.CucumberHooks - Browser launched successfully
2026-05-18 22:55:37.924 [TestNG-PoolService-2] INFO  com.hackathonProject.stepdefinitions.EnterpriseFormSteps - STEP: Navigating to Coursera For Business page
2026-05-18 22:55:38.026 [TestNG-PoolService-1] INFO  com.hackathonProject.stepdefinitions.CourseSearchSteps - STEP: Opening Coursera home page
2026-05-18 22:55:38.026 [TestNG-PoolService-1] INFO  com.hackathonProject.pages.HomePage - Navigating to: https://www.coursera.org
2026-05-18 22:55:52.832 [TestNG-PoolService-1] INFO  com.hackathonProject.stepdefinitions.CourseSearchSteps - Home page opened successfully
2026-05-18 22:55:52.839 [TestNG-PoolService-1] INFO  com.hackathonProject.listeners.CucumberListener -    ✓ STEP PASSED: the user is on the Coursera home page
2026-05-18 22:55:52.845 [TestNG-PoolService-1] INFO  com.hackathonProject.stepdefinitions.CourseSearchSteps - STEP: Searching for: web development courses for beginners
2026-05-18 22:55:52.845 [TestNG-PoolService-1] INFO  com.hackathonProject.pages.HomePage - Searching for: web development courses for beginners
2026-05-18 22:56:03.097 [TestNG-PoolService-3] INFO  com.hackathonProject.listeners.CucumberListener -    ✓ STEP PASSED: the user navigates to the Language Learning category
2026-05-18 22:56:03.098 [TestNG-PoolService-3] INFO  com.hackathonProject.stepdefinitions.LanguageLearningSteps - STEP: Opening Language filter dropdown
2026-05-18 22:56:03.098 [TestNG-PoolService-3] INFO  com.hackathonProject.pages.LanguageCoursesPage - Extracting all language filter options
2026-05-18 22:56:04.054 [TestNG-PoolService-3] INFO  com.hackathonProject.utils.JavaScriptUtil - JavaScript click performed on element
2026-05-18 22:56:04.054 [TestNG-PoolService-3] INFO  com.hackathonProject.pages.LanguageCoursesPage - Clicked 'Language' section
2026-05-18 22:56:10.575 [TestNG-PoolService-2] INFO  com.hackathonProject.listeners.CucumberListener -    ✓ STEP PASSED: the user navigates to the Coursera For Business page
2026-05-18 22:56:10.577 [TestNG-PoolService-2] INFO  com.hackathonProject.stepdefinitions.EnterpriseFormSteps - STEP: Clicking Contact Sales / scrolling to form
2026-05-18 22:56:10.577 [TestNG-PoolService-2] INFO  com.hackathonProject.pages.CampusPage - Navigating to form
2026-05-18 22:56:20.017 [TestNG-PoolService-1] INFO  com.hackathonProject.pages.HomePage - Search submitted. URL: https://www.coursera.org/search?query=web%20development%20courses%20for%20beginners
2026-05-18 22:56:20.030 [TestNG-PoolService-1] INFO  com.hackathonProject.listeners.CucumberListener -    ✓ STEP PASSED: the user searches for "web development courses for beginners"
2026-05-18 22:56:20.040 [TestNG-PoolService-1] INFO  com.hackathonProject.stepdefinitions.CourseSearchSteps - STEP: Verifying search results page
2026-05-18 22:56:20.064 [TestNG-PoolService-1] INFO  com.hackathonProject.stepdefinitions.CourseSearchSteps - Search results page verified. URL: https://www.coursera.org/search?query=web%20development%20courses%20for%20beginners
2026-05-18 22:56:20.068 [TestNG-PoolService-1] INFO  com.hackathonProject.listeners.CucumberListener -    ✓ STEP PASSED: the search results page should be displayed
2026-05-18 22:56:20.071 [TestNG-PoolService-1] INFO  com.hackathonProject.stepdefinitions.CourseSearchSteps - STEP: Applying language filter: English
2026-05-18 22:56:20.073 [TestNG-PoolService-1] INFO  com.hackathonProject.pages.SearchResultsPage - Applying language filter: English
2026-05-18 22:56:30.063 [TestNG-PoolService-3] INFO  com.hackathonProject.pages.LanguageCoursesPage - Total languages: 62
2026-05-18 22:56:30.063 [TestNG-PoolService-3] INFO  com.hackathonProject.listeners.CucumberListener -    ✓ STEP PASSED: the user opens the language filter dropdown
2026-05-18 22:56:30.063 [TestNG-PoolService-3] INFO  com.hackathonProject.stepdefinitions.LanguageLearningSteps - STEP: Verifying languages were captured
2026-05-18 22:56:30.063 [TestNG-PoolService-3] INFO  com.hackathonProject.stepdefinitions.LanguageLearningSteps - 
===== LANGUAGES EXTRACTED =====
  English                   → 9692 courses
  Spanish                   → 4333 courses
  Kazakh                    → 4295 courses
  French                    → 4229 courses
  Arabic                    → 4134 courses
  German                    → 4116 courses
  Portuguese                → 3009 courses
  Indonesian                → 2960 courses
  Chinese                   → 2798 courses
  Hungarian                 → 2685 courses
  Russian                   → 2661 courses
  Japanese                  → 2656 courses
  Korean                    → 2639 courses
  Hindi                     → 2563 courses
  Italian                   → 2553 courses
  Turkish                   → 2509 courses
  Thai                      → 2474 courses
  Ukrainian                 → 2454 courses
  Dutch                     → 2443 courses
  Greek                     → 2441 courses
  Polish                    → 2440 courses
  Swedish                   → 2422 courses
  Uzbek                     → 1926 courses
  Vietnamese                → 1807 courses
  Pushto                    → 1806 courses
  Azerbaijani               → 1593 courses
  Urdu                      → 1351 courses
  Bengali                   → 1343 courses
  Oriya                     → 233 courses
  Malay                     → 189 courses
  Haitian (Haitian Creole)  → 90 courses
  Persian                   → 62 courses
  Khmer                     → 37 courses
  Romanian                  → 30 courses
  Hebrew                    → 29 courses
  Serbian                   → 23 courses
  Afrikaans                 → 19 courses
  Javanese                  → 17 courses
  Finnish                   → 16 courses
  Tamil                     → 15 courses
  Catalan                   → 13 courses
  Slovak                    → 10 courses
  Czech                     → 9 courses
  Estonian                  → 9 courses
  Mongolian                 → 8 courses
  Albanian                  → 5 courses
  Georgian                  → 5 courses
  Telugu                    → 5 courses
  Croatian                  → 4 courses
  Bulgarian                 → 3 courses
  Lithuanian                → 3 courses
  Burmese                   → 2 courses
  Latvian                   → 2 courses
  Marathi                   → 2 courses
  Nepali                    → 2 courses
  Danish                    → 1 courses
  Kinyarwanda               → 1 courses
  Macedonian                → 1 courses
  Malayalam                 → 1 courses
  Slovenian                 → 1 courses
  Swahili                   → 1 courses
  Tagalog                   → 1 courses
================================
2026-05-18 22:56:30.074 [TestNG-PoolService-3] INFO  com.hackathonProject.listeners.CucumberListener -    ✓ STEP PASSED: all available languages with their counts should be captured and displayed
2026-05-18 22:56:30.077 [TestNG-PoolService-3] INFO  com.hackathonProject.stepdefinitions.LanguageLearningSteps - STEP: Opening Level filter dropdown
2026-05-18 22:56:30.078 [TestNG-PoolService-3] INFO  com.hackathonProject.pages.LanguageCoursesPage - Extracting all level filter options
2026-05-18 22:56:31.009 [TestNG-PoolService-2] INFO  com.hackathonProject.utils.JavaScriptUtil - Scrolled by 600 pixels
2026-05-18 22:56:31.095 [TestNG-PoolService-2] INFO  com.hackathonProject.pages.CampusPage - Marketo form found
2026-05-18 22:56:31.095 [TestNG-PoolService-2] INFO  com.hackathonProject.listeners.CucumberListener -    ✓ STEP PASSED: the user clicks on Contact Sales
2026-05-18 22:56:31.120 [TestNG-PoolService-2] INFO  com.hackathonProject.stepdefinitions.EnterpriseFormSteps - STEP: Filling contact form with DataTable values
2026-05-18 22:56:31.120 [TestNG-PoolService-2] INFO  com.hackathonProject.stepdefinitions.EnterpriseFormSteps - Form data: {firstName=Srijita, lastName=Baksi, email=srijitacogniznat.com, phone=9775985472}
2026-05-18 22:56:31.120 [TestNG-PoolService-2] INFO  com.hackathonProject.pages.CampusPage - Filling form with invalid email: srijitacogniznat.com
2026-05-18 22:56:32.633 [TestNG-PoolService-2] INFO  com.hackathonProject.pages.CampusPage - Entered First Name: Srijita
2026-05-18 22:56:33.083 [TestNG-PoolService-2] INFO  com.hackathonProject.pages.CampusPage - Entered Last Name: Baksi
2026-05-18 22:56:33.382 [TestNG-PoolService-2] INFO  com.hackathonProject.pages.CampusPage - Entered Phone: 9775985472
2026-05-18 22:56:33.709 [TestNG-PoolService-2] INFO  com.hackathonProject.pages.CampusPage - Entered invalid email: srijitacogniznat.com
2026-05-18 22:56:43.897 [TestNG-PoolService-2] INFO  com.hackathonProject.pages.CampusPage - Form filled successfully
2026-05-18 22:56:44.009 [TestNG-PoolService-1] INFO  com.hackathonProject.listeners.CucumberListener -    ✓ STEP PASSED: the user applies the language filter "English"
2026-05-18 22:56:44.024 [TestNG-PoolService-1] INFO  com.hackathonProject.stepdefinitions.CourseSearchSteps - STEP: Applying level filter: Beginner
2026-05-18 22:56:44.026 [TestNG-PoolService-1] INFO  com.hackathonProject.pages.SearchResultsPage - Applying level filter: Beginner
2026-05-18 22:56:44.253 [TestNG-PoolService-2] INFO  com.hackathonProject.utils.ScreenshotUtil - Screenshot saved: C:\Users\2485865\Downloads\CourseraAutomation_draft\CourseraAutomation\screenshots\FormFilledWithInvalidEmail_2026-05-18_22-56-44.png
2026-05-18 22:56:44.269 [TestNG-PoolService-2] INFO  com.hackathonProject.listeners.CucumberListener -    ✓ STEP PASSED: the user fills the contact form with the following details:
2026-05-18 22:56:44.274 [TestNG-PoolService-2] INFO  com.hackathonProject.stepdefinitions.EnterpriseFormSteps - STEP: Checking for email validation error message
2026-05-18 22:56:44.464 [TestNG-PoolService-2] INFO  com.hackathonProject.pages.CampusPage - Submit clicked
2026-05-18 22:56:46.468 [TestNG-PoolService-2] INFO  com.hackathonProject.pages.CampusPage - Capturing email error message
2026-05-18 22:56:46.541 [TestNG-PoolService-2] INFO  com.hackathonProject.pages.CampusPage - Error: Must be valid email.
example@yourdomain.com
2026-05-18 22:56:46.541 [TestNG-PoolService-2] INFO  com.hackathonProject.stepdefinitions.EnterpriseFormSteps - Captured error message: Must be valid email.
example@yourdomain.com
2026-05-18 22:56:46.745 [TestNG-PoolService-2] INFO  com.hackathonProject.utils.ScreenshotUtil - Screenshot saved: C:\Users\2485865\Downloads\CourseraAutomation_draft\CourseraAutomation\screenshots\EmailValidationError_2026-05-18_22-56-46.png
2026-05-18 22:56:46.750 [TestNG-PoolService-2] INFO  com.hackathonProject.listeners.CucumberListener -    ✓ STEP PASSED: an email validation error message should be displayed
2026-05-18 22:56:46.752 [TestNG-PoolService-2] INFO  com.hackathonProject.stepdefinitions.EnterpriseFormSteps - STEP: Asserting error message contains: valid email
2026-05-18 22:56:46.754 [TestNG-PoolService-2] INFO  com.hackathonProject.stepdefinitions.EnterpriseFormSteps - Assertion PASSED (exact match): Must be valid email.
example@yourdomain.com
2026-05-18 22:56:46.755 [TestNG-PoolService-2] INFO  com.hackathonProject.listeners.CucumberListener -    ✓ STEP PASSED: the error message should contain "valid email"
2026-05-18 22:56:46.757 [TestNG-PoolService-2] INFO  com.hackathonProject.hooks.CucumberHooks - ====== SCENARIO FINISHED: Verify email validation error on business contact form | Status: PASSED ======
2026-05-18 22:56:46.757 [TestNG-PoolService-2] INFO  com.hackathonProject.base.BaseClass - Quitting edge browser and removing from ThreadLocal
2026-05-18 22:56:51.015 [TestNG-PoolService-2] INFO  com.hackathonProject.hooks.CucumberHooks - Browser closed. Scenario teardown complete.
2026-05-18 22:56:51.145 [TestNG-PoolService-2] INFO  com.hackathonProject.listeners.CucumberListener - ■ SCENARIO PASSED: [Verify email validation error on business contact form] in 78.37s
2026-05-18 22:56:59.356 [TestNG-PoolService-3] INFO  com.hackathonProject.utils.JavaScriptUtil - JavaScript click performed on element
2026-05-18 22:56:59.359 [TestNG-PoolService-3] INFO  com.hackathonProject.pages.LanguageCoursesPage - Clicked 'Level' section
2026-05-18 22:57:08.503 [TestNG-PoolService-1] INFO  com.hackathonProject.listeners.CucumberListener -    ✓ STEP PASSED: the user applies the level filter "Beginner"
2026-05-18 22:57:08.507 [TestNG-PoolService-1] INFO  com.hackathonProject.stepdefinitions.CourseSearchSteps - STEP: Extracting 5 courses
2026-05-18 22:57:08.507 [TestNG-PoolService-1] INFO  com.hackathonProject.pages.SearchResultsPage - Extracting top 5 courses
2026-05-18 22:57:11.292 [TestNG-PoolService-3] INFO  com.hackathonProject.pages.LanguageCoursesPage - Level: Beginner → 4705
2026-05-18 22:57:11.292 [TestNG-PoolService-3] INFO  com.hackathonProject.pages.LanguageCoursesPage - Level: Intermediate → 4250
2026-05-18 22:57:11.292 [TestNG-PoolService-3] INFO  com.hackathonProject.pages.LanguageCoursesPage - Level: Advanced → 449
2026-05-18 22:57:11.292 [TestNG-PoolService-3] INFO  com.hackathonProject.pages.LanguageCoursesPage - Level: Mixed → 938
2026-05-18 22:57:11.292 [TestNG-PoolService-3] INFO  com.hackathonProject.pages.LanguageCoursesPage - Total levels: 4
2026-05-18 22:57:11.292 [TestNG-PoolService-3] INFO  com.hackathonProject.listeners.CucumberListener -    ✓ STEP PASSED: the user opens the level filter dropdown
2026-05-18 22:57:11.299 [TestNG-PoolService-3] INFO  com.hackathonProject.stepdefinitions.LanguageLearningSteps - STEP: Verifying levels were captured
2026-05-18 22:57:11.299 [TestNG-PoolService-3] INFO  com.hackathonProject.stepdefinitions.LanguageLearningSteps - 
===== LEVELS EXTRACTED =====
  Beginner                  → 4705 courses
  Intermediate              → 4250 courses
  Advanced                  → 449 courses
  Mixed                     → 938 courses
============================
2026-05-18 22:57:11.299 [TestNG-PoolService-3] INFO  com.hackathonProject.listeners.CucumberListener -    ✓ STEP PASSED: all available levels with their counts should be captured and displayed
2026-05-18 22:57:11.299 [TestNG-PoolService-3] INFO  com.hackathonProject.stepdefinitions.LanguageLearningSteps - STEP: Asserting language count >= 5
2026-05-18 22:57:11.299 [TestNG-PoolService-3] INFO  com.hackathonProject.stepdefinitions.LanguageLearningSteps - Language count: 62 >= 5
2026-05-18 22:57:11.306 [TestNG-PoolService-3] INFO  com.hackathonProject.listeners.CucumberListener -    ✓ STEP PASSED: the language list should contain at least 5 languages
2026-05-18 22:57:11.309 [TestNG-PoolService-3] INFO  com.hackathonProject.stepdefinitions.LanguageLearningSteps - STEP: Asserting level count >= 2
2026-05-18 22:57:11.309 [TestNG-PoolService-3] INFO  com.hackathonProject.stepdefinitions.LanguageLearningSteps - Level count: 4 >= 2
2026-05-18 22:57:11.309 [TestNG-PoolService-3] INFO  com.hackathonProject.listeners.CucumberListener -    ✓ STEP PASSED: the level list should contain at least 2 levels
2026-05-18 22:57:11.309 [TestNG-PoolService-3] INFO  com.hackathonProject.hooks.CucumberHooks - ====== SCENARIO FINISHED: Extract all languages and levels from Language Learning category | Status: PASSED ======
2026-05-18 22:57:11.314 [TestNG-PoolService-3] INFO  com.hackathonProject.base.BaseClass - Quitting edge browser and removing from ThreadLocal
2026-05-18 22:57:15.318 [TestNG-PoolService-3] INFO  com.hackathonProject.hooks.CucumberHooks - Browser closed. Scenario teardown complete.
2026-05-18 22:57:15.324 [TestNG-PoolService-3] INFO  com.hackathonProject.listeners.CucumberListener - ■ SCENARIO PASSED: [Extract all languages and levels from Language Learning category] in 102.67s
2026-05-18 22:57:28.687 [TestNG-PoolService-1] INFO  com.hackathonProject.utils.JavaScriptUtil - Scrolled by 800 pixels
2026-05-18 22:57:29.701 [TestNG-PoolService-1] INFO  com.hackathonProject.utils.JavaScriptUtil - Scrolled to top of page
2026-05-18 22:58:00.398 [TestNG-PoolService-1] INFO  com.hackathonProject.pages.SearchResultsPage - Found 11 course cards
2026-05-18 22:58:00.490 [TestNG-PoolService-1] INFO  com.hackathonProject.pages.SearchResultsPage - Extracted: 1. Web Development for Beginners | Rating: 4.7 | Hours: 3 - 6 Months
2026-05-18 22:58:00.549 [TestNG-PoolService-1] INFO  com.hackathonProject.pages.SearchResultsPage - Extracted: 2. Introduction to Web Development with HTML, CSS, JavaScript | Rating: 4.6 | Hours: 1 - 3 Months
2026-05-18 22:58:00.638 [TestNG-PoolService-1] INFO  com.hackathonProject.pages.SearchResultsPage - Extracted: 3. Front-End Web Development for Beginners | Rating: 4.6 | Hours: 1 - 3 Months
2026-05-18 22:58:00.721 [TestNG-PoolService-1] INFO  com.hackathonProject.pages.SearchResultsPage - Extracted: 4. Introduction to HTML, CSS, & JavaScript | Rating: 4.4 | Hours: 1 - 4 Weeks
2026-05-18 22:58:00.818 [TestNG-PoolService-1] INFO  com.hackathonProject.pages.SearchResultsPage - Extracted: 5. Introduction to Web Development | Rating: 4.7 | Hours: 1 - 4 Weeks
2026-05-18 22:58:00.818 [TestNG-PoolService-1] INFO  com.hackathonProject.pages.SearchResultsPage - Total extracted: 5
2026-05-18 22:58:00.818 [TestNG-PoolService-1] INFO  com.hackathonProject.stepdefinitions.CourseSearchSteps - Course: 1. Web Development for Beginners | Rating: 4.7 | Hours: 3 - 6 Months
2026-05-18 22:58:00.821 [TestNG-PoolService-1] INFO  com.hackathonProject.stepdefinitions.CourseSearchSteps - Course: 2. Introduction to Web Development with HTML, CSS, JavaScript | Rating: 4.6 | Hours: 1 - 3 Months
2026-05-18 22:58:00.821 [TestNG-PoolService-1] INFO  com.hackathonProject.stepdefinitions.CourseSearchSteps - Course: 3. Front-End Web Development for Beginners | Rating: 4.6 | Hours: 1 - 3 Months
2026-05-18 22:58:00.821 [TestNG-PoolService-1] INFO  com.hackathonProject.stepdefinitions.CourseSearchSteps - Course: 4. Introduction to HTML, CSS, & JavaScript | Rating: 4.4 | Hours: 1 - 4 Weeks
2026-05-18 22:58:00.821 [TestNG-PoolService-1] INFO  com.hackathonProject.stepdefinitions.CourseSearchSteps - Course: 5. Introduction to Web Development | Rating: 4.7 | Hours: 1 - 4 Weeks
2026-05-18 22:58:00.821 [TestNG-PoolService-1] INFO  com.hackathonProject.stepdefinitions.CourseSearchSteps - Extraction complete. Got 5 courses.
2026-05-18 22:58:00.823 [TestNG-PoolService-1] INFO  com.hackathonProject.listeners.CucumberListener -    ✓ STEP PASSED: the user extracts the first 5 courses with name, hours and rating
2026-05-18 22:58:00.826 [TestNG-PoolService-1] INFO  com.hackathonProject.stepdefinitions.CourseSearchSteps - STEP: Saving course data to Excel
2026-05-18 22:58:00.826 [TestNG-PoolService-1] INFO  com.hackathonProject.pages.SearchResultsPage - Saving 5 courses to Excel: src/test/resources/testdata/CourseData.xlsx
2026-05-18 22:58:00.832 [TestNG-PoolService-1] INFO  com.hackathonProject.utils.ExcelDataWriter - Writing 5 courses to Excel: src/test/resources/testdata/CourseData.xlsx
2026-05-18 22:58:02.393 [TestNG-PoolService-1] INFO  com.hackathonProject.utils.ExcelDataWriter - Excel file saved: src/test/resources/testdata/CourseData.xlsx
2026-05-18 22:58:02.404 [TestNG-PoolService-1] INFO  com.hackathonProject.stepdefinitions.CourseSearchSteps - Excel saved successfully: src/test/resources/testdata/CourseData.xlsx
2026-05-18 22:58:02.404 [TestNG-PoolService-1] INFO  com.hackathonProject.listeners.CucumberListener -    ✓ STEP PASSED: the course data is saved to an Excel file
2026-05-18 22:58:02.409 [TestNG-PoolService-1] INFO  com.hackathonProject.stepdefinitions.CourseSearchSteps - STEP: Asserting first course name is not empty
2026-05-18 22:58:02.409 [TestNG-PoolService-1] INFO  com.hackathonProject.stepdefinitions.CourseSearchSteps - First course name: Web Development for Beginners
2026-05-18 22:58:02.409 [TestNG-PoolService-1] INFO  com.hackathonProject.listeners.CucumberListener -    ✓ STEP PASSED: the first course name should not be empty
2026-05-18 22:58:02.409 [TestNG-PoolService-1] INFO  com.hackathonProject.hooks.CucumberHooks - ====== SCENARIO FINISHED: Search web development courses for beginners in English and save to Excel | Status: PASSED ======
2026-05-18 22:58:02.409 [TestNG-PoolService-1] INFO  com.hackathonProject.base.BaseClass - Quitting edge browser and removing from ThreadLocal
2026-05-18 22:58:05.847 [TestNG-PoolService-1] INFO  com.hackathonProject.hooks.CucumberHooks - Browser closed. Scenario teardown complete.
2026-05-18 22:58:05.852 [TestNG-PoolService-1] INFO  com.hackathonProject.listeners.CucumberListener - ■ SCENARIO PASSED: [Search web development courses for beginners in English and save to Excel] in 153.20s
2026-05-18 22:58:06.153 [TestNG-test-CourseraTests-1] INFO  com.hackathonProject.listeners.CucumberListener - ========================================
2026-05-18 22:58:06.154 [TestNG-test-CourseraTests-1] INFO  com.hackathonProject.listeners.CucumberListener -   CUCUMBER TEST RUN FINISHED
2026-05-18 22:58:06.154 [TestNG-test-CourseraTests-1] INFO  com.hackathonProject.listeners.CucumberListener - ========================================
2026-05-18 22:58:06.215 [TestNG-test-CourseraTests-1] INFO  com.hackathonProject.utils.ExtentReportManager - Extent Reports flushed to disk
2026-05-18 22:58:06.215 [TestNG-test-CourseraTests-1] INFO  com.hackathonProject.listeners.CucumberListener - Extent Reports flushed successfully
